-- MySQL dump 10.13  Distrib 8.0.19, for Linux (x86_64)
--
-- Host: localhost    Database: vk
-- ------------------------------------------------------
-- Server version	8.0.19

/*!40101 SET @OLD_CHARACTER_SET_CLIENT=@@CHARACTER_SET_CLIENT */;
/*!40101 SET @OLD_CHARACTER_SET_RESULTS=@@CHARACTER_SET_RESULTS */;
/*!40101 SET @OLD_COLLATION_CONNECTION=@@COLLATION_CONNECTION */;
/*!50503 SET NAMES utf8mb4 */;
/*!40103 SET @OLD_TIME_ZONE=@@TIME_ZONE */;
/*!40103 SET TIME_ZONE='+00:00' */;
/*!40014 SET @OLD_UNIQUE_CHECKS=@@UNIQUE_CHECKS, UNIQUE_CHECKS=0 */;
/*!40014 SET @OLD_FOREIGN_KEY_CHECKS=@@FOREIGN_KEY_CHECKS, FOREIGN_KEY_CHECKS=0 */;
/*!40101 SET @OLD_SQL_MODE=@@SQL_MODE, SQL_MODE='NO_AUTO_VALUE_ON_ZERO' */;
/*!40111 SET @OLD_SQL_NOTES=@@SQL_NOTES, SQL_NOTES=0 */;

--
-- Table structure for table `communities`
--

DROP TABLE IF EXISTS `communities`;
/*!40101 SET @saved_cs_client     = @@character_set_client */;
/*!50503 SET character_set_client = utf8mb4 */;
CREATE TABLE `communities` (
  `id` int unsigned NOT NULL AUTO_INCREMENT,
  `name` varchar(150) CHARACTER SET utf8 COLLATE utf8_unicode_ci NOT NULL,
  PRIMARY KEY (`id`),
  UNIQUE KEY `name` (`name`)
) ENGINE=InnoDB AUTO_INCREMENT=21 DEFAULT CHARSET=utf8 COLLATE=utf8_unicode_ci;
/*!40101 SET character_set_client = @saved_cs_client */;

--
-- Dumping data for table `communities`
--

LOCK TABLES `communities` WRITE;
/*!40000 ALTER TABLE `communities` DISABLE KEYS */;
INSERT INTO `communities` VALUES (19,'at'),(10,'dolorem'),(5,'enim'),(20,'ex'),(4,'id'),(17,'ipsa'),(15,'modi'),(14,'necessitatibus'),(11,'non'),(18,'officiis'),(7,'placeat'),(12,'quisquam'),(13,'quos'),(8,'rerum'),(3,'sed'),(9,'sint'),(16,'sit'),(1,'suscipit'),(2,'velit'),(6,'voluptates');
/*!40000 ALTER TABLE `communities` ENABLE KEYS */;
UNLOCK TABLES;

--
-- Table structure for table `communities_users`
--

DROP TABLE IF EXISTS `communities_users`;
/*!40101 SET @saved_cs_client     = @@character_set_client */;
/*!50503 SET character_set_client = utf8mb4 */;
CREATE TABLE `communities_users` (
  `community_id` int unsigned NOT NULL,
  `user_id` int unsigned NOT NULL,
  PRIMARY KEY (`community_id`,`user_id`)
) ENGINE=InnoDB DEFAULT CHARSET=utf8 COLLATE=utf8_unicode_ci;
/*!40101 SET character_set_client = @saved_cs_client */;

--
-- Dumping data for table `communities_users`
--

LOCK TABLES `communities_users` WRITE;
/*!40000 ALTER TABLE `communities_users` DISABLE KEYS */;
INSERT INTO `communities_users` VALUES (1,1),(1,21),(1,41),(1,61),(1,81),(2,2),(2,22),(2,42),(2,62),(2,82),(3,3),(3,23),(3,43),(3,63),(3,83),(4,4),(4,24),(4,44),(4,64),(4,84),(5,5),(5,25),(5,45),(5,65),(5,85),(6,6),(6,26),(6,46),(6,66),(6,86),(7,7),(7,27),(7,47),(7,67),(7,87),(8,8),(8,28),(8,48),(8,68),(8,88),(9,9),(9,29),(9,49),(9,69),(9,89),(10,10),(10,30),(10,50),(10,70),(10,90),(11,11),(11,31),(11,51),(11,71),(11,91),(12,12),(12,32),(12,52),(12,72),(12,92),(13,13),(13,33),(13,53),(13,73),(13,93),(14,14),(14,34),(14,54),(14,74),(14,94),(15,15),(15,35),(15,55),(15,75),(15,95),(16,16),(16,36),(16,56),(16,76),(16,96),(17,17),(17,37),(17,57),(17,77),(17,97),(18,18),(18,38),(18,58),(18,78),(18,98),(19,19),(19,39),(19,59),(19,79),(19,99),(20,20),(20,40),(20,60),(20,80),(20,100);
/*!40000 ALTER TABLE `communities_users` ENABLE KEYS */;
UNLOCK TABLES;

--
-- Table structure for table `friendship`
--

DROP TABLE IF EXISTS `friendship`;
/*!40101 SET @saved_cs_client     = @@character_set_client */;
/*!50503 SET character_set_client = utf8mb4 */;
CREATE TABLE `friendship` (
  `user_id` int unsigned NOT NULL,
  `friend_id` int unsigned NOT NULL,
  `status_id` int unsigned NOT NULL,
  `requested_at` datetime DEFAULT CURRENT_TIMESTAMP,
  `confirmed_at` datetime DEFAULT NULL,
  PRIMARY KEY (`user_id`,`friend_id`)
) ENGINE=InnoDB DEFAULT CHARSET=utf8 COLLATE=utf8_unicode_ci;
/*!40101 SET character_set_client = @saved_cs_client */;

--
-- Dumping data for table `friendship`
--

LOCK TABLES `friendship` WRITE;
/*!40000 ALTER TABLE `friendship` DISABLE KEYS */;
INSERT INTO `friendship` VALUES (1,23,2,'2020-01-29 10:49:22','2020-04-01 17:34:39'),(2,6,1,'2018-04-14 09:41:32','2020-04-01 17:34:39'),(3,49,2,'2011-09-17 00:50:20','2011-11-24 14:24:21'),(4,2,2,'2017-11-24 06:22:13','2020-04-01 17:34:39'),(5,42,2,'2011-11-08 12:45:27','2016-01-22 01:40:05'),(6,27,1,'2018-12-01 03:53:32','2020-04-01 17:34:39'),(7,26,2,'2019-12-12 21:53:09','2020-04-01 17:34:39'),(8,91,1,'2011-02-17 10:52:07','2014-09-09 02:51:07'),(9,53,3,'2019-09-06 17:20:01','2020-04-01 17:34:39'),(10,45,3,'2017-08-23 19:06:45','2020-04-01 17:34:39'),(11,73,2,'2012-05-24 17:07:36','2016-11-07 01:12:47'),(12,76,1,'2014-01-11 03:38:47','2015-04-24 10:46:48'),(13,16,3,'2016-02-05 16:20:23','2020-04-01 17:34:39'),(14,29,3,'2010-07-09 18:17:43','2014-01-12 07:03:10'),(15,72,1,'2013-11-19 17:57:20','2020-04-01 17:34:39'),(16,81,1,'2012-07-26 05:01:35','2020-04-01 17:34:39'),(17,14,3,'2015-04-22 18:23:09','2019-09-03 15:55:35'),(18,78,1,'2019-01-27 19:23:45','2020-04-01 17:34:39'),(19,83,1,'2014-06-05 17:12:51','2020-04-01 17:34:39'),(20,38,1,'2018-12-11 07:50:14','2020-04-01 17:34:39'),(21,92,3,'2017-06-30 13:39:08','2020-04-01 17:34:39'),(22,70,1,'2012-07-02 12:14:12','2020-04-01 17:34:39'),(23,35,2,'2014-08-07 17:26:26','2016-05-16 09:56:58'),(24,60,2,'2019-06-14 10:45:51','2020-04-01 17:34:39'),(25,13,1,'2018-07-26 10:30:38','2020-04-01 17:34:39'),(26,79,1,'2016-03-09 04:41:22','2018-06-21 10:17:21'),(27,97,2,'2015-04-03 19:28:15','2015-08-15 20:24:30'),(28,84,1,'2019-02-04 10:08:47','2020-04-01 17:34:39'),(29,94,3,'2014-02-09 11:48:06','2016-02-12 13:22:18'),(30,48,3,'2012-12-04 05:02:28','2020-04-01 17:34:39'),(31,21,3,'2011-06-02 08:05:04','2016-01-27 11:35:56'),(32,43,1,'2011-03-30 16:53:55','2014-01-09 00:51:06'),(33,3,1,'2019-12-19 19:48:47','2020-04-01 17:34:39'),(34,61,3,'2014-04-15 01:37:43','2020-04-01 17:34:39'),(35,98,3,'2010-08-03 17:32:19','2011-10-19 06:59:43'),(36,40,2,'2016-05-01 08:34:03','2020-04-01 17:34:39'),(37,33,2,'2015-05-15 16:40:06','2017-08-30 19:34:47'),(38,32,3,'2011-01-23 06:46:30','2017-01-23 04:22:40'),(39,41,3,'2012-01-26 04:15:58','2016-10-20 19:22:43'),(40,28,3,'2011-11-10 16:58:40','2016-04-08 20:39:58'),(41,93,2,'2012-06-09 14:42:17','2020-04-01 17:34:39'),(42,39,2,'2015-12-23 07:14:00','2020-04-01 17:34:39'),(43,95,2,'2014-10-21 23:55:19','2018-03-28 15:25:45'),(44,47,1,'2013-07-29 18:55:58','2019-07-24 06:18:19'),(45,18,1,'2015-07-08 02:22:49','2020-04-01 17:34:39'),(46,77,3,'2020-02-07 13:57:39','2020-04-01 17:34:39'),(47,88,2,'2013-06-09 21:16:23','2015-08-22 02:57:26'),(48,34,2,'2010-11-03 16:00:50','2013-04-14 18:42:55'),(49,50,1,'2014-02-23 05:30:26','2014-06-02 22:23:06'),(50,20,1,'2016-10-15 07:46:04','2020-04-01 17:34:39');
/*!40000 ALTER TABLE `friendship` ENABLE KEYS */;
UNLOCK TABLES;

--
-- Table structure for table `friendship_statuses`
--

DROP TABLE IF EXISTS `friendship_statuses`;
/*!40101 SET @saved_cs_client     = @@character_set_client */;
/*!50503 SET character_set_client = utf8mb4 */;
CREATE TABLE `friendship_statuses` (
  `id` int unsigned NOT NULL AUTO_INCREMENT,
  `name` varchar(150) CHARACTER SET utf8 COLLATE utf8_unicode_ci NOT NULL,
  PRIMARY KEY (`id`),
  UNIQUE KEY `name` (`name`)
) ENGINE=InnoDB AUTO_INCREMENT=4 DEFAULT CHARSET=utf8 COLLATE=utf8_unicode_ci;
/*!40101 SET character_set_client = @saved_cs_client */;

--
-- Dumping data for table `friendship_statuses`
--

LOCK TABLES `friendship_statuses` WRITE;
/*!40000 ALTER TABLE `friendship_statuses` DISABLE KEYS */;
INSERT INTO `friendship_statuses` VALUES (2,'confirmed'),(3,'rejected'),(1,'requested');
/*!40000 ALTER TABLE `friendship_statuses` ENABLE KEYS */;
UNLOCK TABLES;

--
-- Table structure for table `media`
--

DROP TABLE IF EXISTS `media`;
/*!40101 SET @saved_cs_client     = @@character_set_client */;
/*!50503 SET character_set_client = utf8mb4 */;
CREATE TABLE `media` (
  `id` int unsigned NOT NULL AUTO_INCREMENT,
  `media_type_id` int unsigned NOT NULL,
  `user_id` int unsigned NOT NULL,
  `file_path` varchar(255) CHARACTER SET utf8 COLLATE utf8_unicode_ci NOT NULL,
  `size` int NOT NULL,
  `metadata` json DEFAULT NULL,
  `created_at` datetime DEFAULT CURRENT_TIMESTAMP,
  `updated_at` datetime DEFAULT CURRENT_TIMESTAMP ON UPDATE CURRENT_TIMESTAMP,
  PRIMARY KEY (`id`)
) ENGINE=InnoDB AUTO_INCREMENT=101 DEFAULT CHARSET=utf8 COLLATE=utf8_unicode_ci;
/*!40101 SET character_set_client = @saved_cs_client */;

--
-- Dumping data for table `media`
--

LOCK TABLES `media` WRITE;
/*!40000 ALTER TABLE `media` DISABLE KEYS */;
INSERT INTO `media` VALUES (1,1,55,'http://dropbox/vk/file_8993',521883,'{\"owner\": \"Joan Hane\"}','2017-02-08 06:34:45','2020-04-01 17:32:18'),(2,1,4,'http://dropbox/vk/file_7555',6041,'{\"owner\": \"Anahi Robel\"}','2019-04-26 14:13:19','2020-04-01 17:32:18'),(3,3,56,'http://dropbox/vk/file_800',95754676,'{\"owner\": \"Naomie Heathcote\"}','2017-09-03 21:53:50','2020-04-01 17:32:18'),(4,3,66,'http://dropbox/vk/file_1333',250857,'{\"owner\": \"Deangelo Zulauf\"}','2011-02-12 12:29:41','2020-04-01 17:32:18'),(5,3,61,'http://dropbox/vk/file_4262',5329007,'{\"owner\": \"Trisha Johns\"}','2019-02-13 17:30:01','2020-04-01 17:32:18'),(6,1,7,'http://dropbox/vk/file_7310',691270171,'{\"owner\": \"Coby Keebler\"}','2011-06-25 07:43:24','2020-04-01 17:32:18'),(7,2,53,'http://dropbox/vk/file_3768',678637,'{\"owner\": \"Florence Runolfsdottir\"}','2018-02-10 21:22:16','2020-04-01 17:32:18'),(8,1,41,'http://dropbox/vk/file_6910',630612,'{\"owner\": \"Shaylee Rosenbaum\"}','2013-04-10 19:59:10','2020-04-01 17:32:18'),(9,2,46,'http://dropbox/vk/file_3246',107153,'{\"owner\": \"Ola Kirlin\"}','2013-06-07 22:06:06','2020-04-01 17:32:18'),(10,2,5,'http://dropbox/vk/file_5497',633926,'{\"owner\": \"Adeline Hammes\"}','2010-10-21 06:53:08','2020-04-01 17:32:18'),(11,2,87,'http://dropbox/vk/file_7748',24901894,'{\"owner\": \"Rupert Goyette\"}','2010-07-10 18:36:55','2020-04-01 17:32:18'),(12,1,20,'http://dropbox/vk/file_2252',838173,'{\"owner\": \"Montana Gislason\"}','2014-03-22 21:54:48','2020-04-01 17:32:18'),(13,2,38,'http://dropbox/vk/file_8013',7258,'{\"owner\": \"Cydney Tremblay\"}','2011-10-09 05:35:09','2020-04-01 17:32:18'),(14,1,31,'http://dropbox/vk/file_3311',75739,'{\"owner\": \"Anjali Shields\"}','2014-04-08 16:08:43','2020-04-01 17:32:18'),(15,2,41,'http://dropbox/vk/file_2516',763369,'{\"owner\": \"Shaylee Rosenbaum\"}','2016-06-05 20:25:15','2020-04-01 17:32:18'),(16,2,10,'http://dropbox/vk/file_2646',12167634,'{\"owner\": \"Stella Kling\"}','2011-08-10 02:25:00','2020-04-01 17:32:18'),(17,2,26,'http://dropbox/vk/file_5683',279087,'{\"owner\": \"Israel Klein\"}','2011-11-08 00:11:07','2020-04-01 17:32:18'),(18,2,99,'http://dropbox/vk/file_478',2153155,'{\"owner\": \"Aimee Smith\"}','2016-01-14 12:07:00','2020-04-01 17:32:18'),(19,2,19,'http://dropbox/vk/file_5336',870916,'{\"owner\": \"Germaine Hodkiewicz\"}','2019-09-30 11:22:02','2020-04-01 17:32:18'),(20,2,98,'http://dropbox/vk/file_5249',99660,'{\"owner\": \"Trenton Corwin\"}','2016-10-24 23:09:52','2020-04-01 17:32:18'),(21,2,32,'http://dropbox/vk/file_239',99762,'{\"owner\": \"Estefania Heidenreich\"}','2020-03-23 12:04:54','2020-04-01 17:32:18'),(22,3,66,'http://dropbox/vk/file_5442',182714,'{\"owner\": \"Deangelo Zulauf\"}','2012-12-20 15:42:53','2020-04-01 17:32:18'),(23,3,34,'http://dropbox/vk/file_6498',1688722,'{\"owner\": \"Dallas Gulgowski\"}','2010-04-04 19:36:33','2020-04-01 17:32:18'),(24,3,72,'http://dropbox/vk/file_6162',507319,'{\"owner\": \"Dexter Daniel\"}','2018-04-10 22:32:18','2020-04-01 17:32:18'),(25,3,55,'http://dropbox/vk/file_1317',6492797,'{\"owner\": \"Joan Hane\"}','2016-04-15 01:51:41','2020-04-01 17:32:18'),(26,2,61,'http://dropbox/vk/file_8099',587462097,'{\"owner\": \"Trisha Johns\"}','2013-07-11 15:16:09','2020-04-01 17:32:18'),(27,3,40,'http://dropbox/vk/file_6544',913849,'{\"owner\": \"Jeanne Wintheiser\"}','2017-06-26 18:09:23','2020-04-01 17:32:18'),(28,1,14,'http://dropbox/vk/file_8421',37287,'{\"owner\": \"Alejandra Lemke\"}','2012-05-03 12:52:12','2020-04-01 17:32:18'),(29,2,49,'http://dropbox/vk/file_2478',4938,'{\"owner\": \"Reta Schamberger\"}','2014-12-16 23:34:56','2020-04-01 17:32:18'),(30,1,4,'http://dropbox/vk/file_7122',752289718,'{\"owner\": \"Anahi Robel\"}','2017-01-14 08:36:00','2020-04-01 17:32:18'),(31,2,72,'http://dropbox/vk/file_8178',52742466,'{\"owner\": \"Dexter Daniel\"}','2014-12-19 15:35:47','2020-04-01 17:32:18'),(32,3,47,'http://dropbox/vk/file_9524',259901309,'{\"owner\": \"Rhianna Skiles\"}','2019-06-20 03:50:43','2020-04-01 17:32:18'),(33,1,18,'http://dropbox/vk/file_3087',434891,'{\"owner\": \"Adrianna Kiehn\"}','2016-08-28 07:00:08','2020-04-01 17:32:18'),(34,3,51,'http://dropbox/vk/file_6863',52593,'{\"owner\": \"Elvis Feeney\"}','2016-06-13 20:31:35','2020-04-01 17:32:18'),(35,1,99,'http://dropbox/vk/file_5053',948294,'{\"owner\": \"Aimee Smith\"}','2017-06-04 04:02:14','2020-04-01 17:32:18'),(36,1,43,'http://dropbox/vk/file_4675',6418844,'{\"owner\": \"Annamarie Streich\"}','2010-06-12 19:06:24','2020-04-01 17:32:18'),(37,2,17,'http://dropbox/vk/file_8215',3942,'{\"owner\": \"Arthur Bartoletti\"}','2016-10-18 19:04:25','2020-04-01 17:32:18'),(38,2,57,'http://dropbox/vk/file_7054',573690,'{\"owner\": \"Alize Ziemann\"}','2014-12-22 06:02:27','2020-04-01 17:32:18'),(39,2,31,'http://dropbox/vk/file_624',771085,'{\"owner\": \"Anjali Shields\"}','2011-05-12 14:51:26','2020-04-01 17:32:18'),(40,2,83,'http://dropbox/vk/file_1957',915056,'{\"owner\": \"Kaylah Yost\"}','2015-10-18 12:20:19','2020-04-01 17:32:18'),(41,1,24,'http://dropbox/vk/file_7910',41974117,'{\"owner\": \"Percival Bernhard\"}','2012-05-27 18:48:04','2020-04-01 17:32:18'),(42,3,70,'http://dropbox/vk/file_3683',415881,'{\"owner\": \"Wilhelmine Turner\"}','2014-08-10 00:17:07','2020-04-01 17:32:18'),(43,1,78,'http://dropbox/vk/file_4684',13569,'{\"owner\": \"Javonte Douglas\"}','2010-05-05 19:49:50','2020-04-01 17:32:18'),(44,2,81,'http://dropbox/vk/file_2370',336774,'{\"owner\": \"Octavia Homenick\"}','2017-11-01 11:29:13','2020-04-01 17:32:18'),(45,1,68,'http://dropbox/vk/file_7798',484032938,'{\"owner\": \"Berneice Kuphal\"}','2015-03-29 20:26:29','2020-04-01 17:32:18'),(46,2,95,'http://dropbox/vk/file_1882',62619543,'{\"owner\": \"Casimir Torp\"}','2012-01-01 23:35:49','2020-04-01 17:32:18'),(47,2,73,'http://dropbox/vk/file_6015',633164,'{\"owner\": \"Dock Barrows\"}','2013-01-21 21:55:05','2020-04-01 17:32:18'),(48,2,78,'http://dropbox/vk/file_4431',145501,'{\"owner\": \"Javonte Douglas\"}','2010-06-29 13:51:12','2020-04-01 17:32:18'),(49,3,73,'http://dropbox/vk/file_4109',5208283,'{\"owner\": \"Dock Barrows\"}','2017-11-28 08:11:14','2020-04-01 17:32:18'),(50,1,28,'http://dropbox/vk/file_7251',17824525,'{\"owner\": \"Gabriella Runte\"}','2010-08-12 03:21:48','2020-04-01 17:32:18'),(51,2,22,'http://dropbox/vk/file_3929',96372093,'{\"owner\": \"Melyssa Schmitt\"}','2014-08-20 22:25:24','2020-04-01 17:32:18'),(52,3,26,'http://dropbox/vk/file_7892',898509008,'{\"owner\": \"Israel Klein\"}','2012-01-27 18:13:13','2020-04-01 17:32:18'),(53,3,63,'http://dropbox/vk/file_7672',1802,'{\"owner\": \"Dino Schneider\"}','2014-04-13 04:11:36','2020-04-01 17:32:18'),(54,2,34,'http://dropbox/vk/file_4687',112220200,'{\"owner\": \"Dallas Gulgowski\"}','2011-04-13 01:30:43','2020-04-01 17:32:18'),(55,2,83,'http://dropbox/vk/file_416',524213307,'{\"owner\": \"Kaylah Yost\"}','2012-03-31 20:02:47','2020-04-01 17:32:18'),(56,1,14,'http://dropbox/vk/file_8018',818011,'{\"owner\": \"Alejandra Lemke\"}','2019-03-21 14:46:29','2020-04-01 17:32:18'),(57,3,19,'http://dropbox/vk/file_8846',643553,'{\"owner\": \"Germaine Hodkiewicz\"}','2016-07-08 11:21:34','2020-04-01 17:32:18'),(58,1,51,'http://dropbox/vk/file_175',1317,'{\"owner\": \"Elvis Feeney\"}','2011-04-02 16:28:36','2020-04-01 17:32:18'),(59,2,100,'http://dropbox/vk/file_4334',753731,'{\"owner\": \"Richmond Schneider\"}','2020-03-15 13:37:39','2020-04-01 17:32:18'),(60,1,44,'http://dropbox/vk/file_1147',827996,'{\"owner\": \"Lee Wehner\"}','2019-06-08 09:55:11','2020-04-01 17:32:18'),(61,1,22,'http://dropbox/vk/file_2730',83537,'{\"owner\": \"Melyssa Schmitt\"}','2017-03-13 19:27:55','2020-04-01 17:32:18'),(62,2,76,'http://dropbox/vk/file_211',5411,'{\"owner\": \"Elvera Cormier\"}','2019-03-19 03:14:51','2020-04-01 17:32:18'),(63,2,14,'http://dropbox/vk/file_2863',95579644,'{\"owner\": \"Alejandra Lemke\"}','2010-11-07 08:46:44','2020-04-01 17:32:18'),(64,2,39,'http://dropbox/vk/file_3681',868791,'{\"owner\": \"Lane Murray\"}','2018-02-07 20:48:04','2020-04-01 17:32:18'),(65,2,55,'http://dropbox/vk/file_9815',9052,'{\"owner\": \"Joan Hane\"}','2013-05-01 01:27:00','2020-04-01 17:32:18'),(66,3,58,'http://dropbox/vk/file_8036',828475698,'{\"owner\": \"Amani Schulist\"}','2018-03-08 17:23:50','2020-04-01 17:32:18'),(67,3,23,'http://dropbox/vk/file_734',16728762,'{\"owner\": \"Arnoldo Raynor\"}','2012-09-11 14:37:25','2020-04-01 17:32:18'),(68,1,43,'http://dropbox/vk/file_9558',135951794,'{\"owner\": \"Annamarie Streich\"}','2015-12-10 06:40:20','2020-04-01 17:32:18'),(69,1,43,'http://dropbox/vk/file_5594',849965,'{\"owner\": \"Annamarie Streich\"}','2018-11-01 01:12:36','2020-04-01 17:32:18'),(70,3,85,'http://dropbox/vk/file_9294',633452,'{\"owner\": \"Donavon Towne\"}','2015-06-27 21:26:54','2020-04-01 17:32:18'),(71,2,96,'http://dropbox/vk/file_9691',55168,'{\"owner\": \"Euna Hartmann\"}','2016-06-16 08:51:34','2020-04-01 17:32:18'),(72,1,25,'http://dropbox/vk/file_573',2135054,'{\"owner\": \"Issac Runolfsdottir\"}','2015-07-11 00:52:36','2020-04-01 17:32:18'),(73,1,34,'http://dropbox/vk/file_3790',88242,'{\"owner\": \"Dallas Gulgowski\"}','2017-02-11 13:18:05','2020-04-01 17:32:18'),(74,2,98,'http://dropbox/vk/file_7231',66880636,'{\"owner\": \"Trenton Corwin\"}','2016-10-23 15:57:11','2020-04-01 17:32:18'),(75,1,86,'http://dropbox/vk/file_4786',48637882,'{\"owner\": \"Dina King\"}','2010-06-26 11:11:09','2020-04-01 17:32:18'),(76,1,35,'http://dropbox/vk/file_2238',79099,'{\"owner\": \"Nico Stroman\"}','2010-04-11 22:05:44','2020-04-01 17:32:18'),(77,3,16,'http://dropbox/vk/file_6829',222834,'{\"owner\": \"Sherman Toy\"}','2015-03-11 13:30:26','2020-04-01 17:32:18'),(78,2,74,'http://dropbox/vk/file_7432',6445,'{\"owner\": \"Cleta Olson\"}','2010-09-07 15:54:46','2020-04-01 17:32:18'),(79,3,21,'http://dropbox/vk/file_6676',607366,'{\"owner\": \"Sarai Kuhic\"}','2017-09-06 13:00:51','2020-04-01 17:32:18'),(80,3,81,'http://dropbox/vk/file_1082',126476,'{\"owner\": \"Octavia Homenick\"}','2014-10-01 01:09:31','2020-04-01 17:32:18'),(81,3,45,'http://dropbox/vk/file_5382',800283,'{\"owner\": \"Modesto Corwin\"}','2016-10-22 06:02:57','2020-04-01 17:32:18'),(82,2,81,'http://dropbox/vk/file_3664',358588,'{\"owner\": \"Octavia Homenick\"}','2018-10-19 10:38:46','2020-04-01 17:32:18'),(83,2,68,'http://dropbox/vk/file_2174',611988,'{\"owner\": \"Berneice Kuphal\"}','2010-05-21 19:54:45','2020-04-01 17:32:18'),(84,3,97,'http://dropbox/vk/file_9877',7394738,'{\"owner\": \"Clara Goodwin\"}','2014-11-12 23:26:55','2020-04-01 17:32:18'),(85,1,80,'http://dropbox/vk/file_2868',649089,'{\"owner\": \"Aida Pagac\"}','2016-11-19 18:40:21','2020-04-01 17:32:18'),(86,2,10,'http://dropbox/vk/file_4704',399485,'{\"owner\": \"Stella Kling\"}','2012-11-12 04:32:18','2020-04-01 17:32:18'),(87,1,8,'http://dropbox/vk/file_4917',40155,'{\"owner\": \"Thora Conn\"}','2020-02-09 10:53:44','2020-04-01 17:32:18'),(88,3,10,'http://dropbox/vk/file_474',992321,'{\"owner\": \"Stella Kling\"}','2011-09-01 01:01:22','2020-04-01 17:32:18'),(89,1,25,'http://dropbox/vk/file_7615',27771,'{\"owner\": \"Issac Runolfsdottir\"}','2013-12-12 17:54:34','2020-04-01 17:32:18'),(90,2,96,'http://dropbox/vk/file_6655',831142,'{\"owner\": \"Euna Hartmann\"}','2019-09-20 02:45:17','2020-04-01 17:32:18'),(91,3,4,'http://dropbox/vk/file_430',996419,'{\"owner\": \"Anahi Robel\"}','2016-11-29 13:37:19','2020-04-01 17:32:18'),(92,3,31,'http://dropbox/vk/file_2183',168748,'{\"owner\": \"Anjali Shields\"}','2011-10-13 14:56:26','2020-04-01 17:32:18'),(93,2,43,'http://dropbox/vk/file_9624',6210989,'{\"owner\": \"Annamarie Streich\"}','2012-12-18 14:07:29','2020-04-01 17:32:18'),(94,3,20,'http://dropbox/vk/file_1577',340313,'{\"owner\": \"Montana Gislason\"}','2017-12-24 07:12:51','2020-04-01 17:32:18'),(95,1,69,'http://dropbox/vk/file_9006',185323,'{\"owner\": \"Twila Feeney\"}','2019-03-19 17:48:52','2020-04-01 17:32:18'),(96,2,88,'http://dropbox/vk/file_305',895675,'{\"owner\": \"Rosie Kautzer\"}','2019-12-28 08:26:04','2020-04-01 17:32:18'),(97,1,31,'http://dropbox/vk/file_4504',37903,'{\"owner\": \"Anjali Shields\"}','2012-04-06 10:53:47','2020-04-01 17:32:18'),(98,1,92,'http://dropbox/vk/file_1604',912406,'{\"owner\": \"Myrtie Bradtke\"}','2018-05-02 16:12:25','2020-04-01 17:32:18'),(99,1,67,'http://dropbox/vk/file_4508',865004,'{\"owner\": \"Wilson Hoeger\"}','2015-08-10 17:05:54','2020-04-01 17:32:18'),(100,1,59,'http://dropbox/vk/file_7728',6275825,'{\"owner\": \"Willa Carter\"}','2017-01-31 01:07:53','2020-04-01 17:32:18');
/*!40000 ALTER TABLE `media` ENABLE KEYS */;
UNLOCK TABLES;

--
-- Table structure for table `media_types`
--

DROP TABLE IF EXISTS `media_types`;
/*!40101 SET @saved_cs_client     = @@character_set_client */;
/*!50503 SET character_set_client = utf8mb4 */;
CREATE TABLE `media_types` (
  `id` int unsigned NOT NULL AUTO_INCREMENT,
  `name` varchar(255) CHARACTER SET utf8 COLLATE utf8_unicode_ci NOT NULL,
  PRIMARY KEY (`id`),
  UNIQUE KEY `name` (`name`)
) ENGINE=InnoDB AUTO_INCREMENT=4 DEFAULT CHARSET=utf8 COLLATE=utf8_unicode_ci;
/*!40101 SET character_set_client = @saved_cs_client */;

--
-- Dumping data for table `media_types`
--

LOCK TABLES `media_types` WRITE;
/*!40000 ALTER TABLE `media_types` DISABLE KEYS */;
INSERT INTO `media_types` VALUES (3,'audio'),(1,'photo'),(2,'video');
/*!40000 ALTER TABLE `media_types` ENABLE KEYS */;
UNLOCK TABLES;

--
-- Table structure for table `messages`
--

DROP TABLE IF EXISTS `messages`;
/*!40101 SET @saved_cs_client     = @@character_set_client */;
/*!50503 SET character_set_client = utf8mb4 */;
CREATE TABLE `messages` (
  `id` int unsigned NOT NULL AUTO_INCREMENT,
  `from_user_id` int unsigned NOT NULL,
  `to_user_id` int unsigned NOT NULL,
  `body` text CHARACTER SET utf8 COLLATE utf8_unicode_ci NOT NULL,
  `is_important` tinyint(1) DEFAULT NULL,
  `is_delivered` tinyint(1) DEFAULT NULL,
  `created_at` datetime DEFAULT CURRENT_TIMESTAMP,
  PRIMARY KEY (`id`)
) ENGINE=InnoDB AUTO_INCREMENT=101 DEFAULT CHARSET=utf8 COLLATE=utf8_unicode_ci;
/*!40101 SET character_set_client = @saved_cs_client */;

--
-- Dumping data for table `messages`
--

LOCK TABLES `messages` WRITE;
/*!40000 ALTER TABLE `messages` DISABLE KEYS */;
INSERT INTO `messages` VALUES (1,74,43,'Voluptatem rerum eaque est ratione quia reiciendis. Deleniti sapiente earum quos. Quo molestiae aperiam laudantium ullam suscipit.',0,1,'2011-02-03 18:06:01'),(2,73,85,'Consequuntur laborum magni recusandae dolores atque neque. Architecto doloribus laudantium molestias esse aut consequatur quibusdam.',0,1,'2010-11-11 13:09:41'),(3,30,79,'Doloremque molestiae praesentium exercitationem quas ut. Iure quam animi omnis exercitationem ipsam debitis vitae. Hic unde eligendi odio odio quo. Nisi fugit ea nobis tenetur aliquam placeat vel.',0,0,'2017-01-08 07:19:32'),(4,36,30,'Recusandae voluptatibus aut aut nihil molestiae perferendis cum. Aliquid consequatur expedita ex. Alias quaerat porro ut. Cumque velit accusamus eveniet esse molestiae rerum.',0,0,'2019-04-06 10:48:30'),(5,11,98,'Dicta ut eligendi quae accusantium. Suscipit dolor officiis blanditiis sint velit distinctio nemo. Molestiae ut quis in facilis et. Eos enim quod a quos dolor enim eum.',0,1,'2013-11-03 02:21:54'),(6,1,62,'Eum in hic quis iste. Consequatur et qui voluptatibus ab. Vel inventore ratione earum sapiente minus sequi.',1,1,'2011-05-31 05:57:39'),(7,92,75,'Maiores aut exercitationem in dolores est vel ad. Et aut qui laborum ut voluptas quam autem. Totam et nulla atque minima molestiae ut aut impedit. Sed autem est eius ducimus qui doloremque ut.',0,0,'2018-03-17 10:45:39'),(8,35,30,'Necessitatibus voluptas consequuntur dolorem earum qui. Sint recusandae doloribus consectetur harum dolores. Provident atque inventore quo ratione sed incidunt.',1,0,'2012-09-18 06:40:42'),(9,49,29,'Nesciunt quidem dignissimos officiis dicta eaque enim est. Similique rerum autem rem assumenda. Voluptas dolores cum provident modi aut. Esse ad ex occaecati ipsa.',0,0,'2018-10-05 22:23:29'),(10,53,18,'Sed maiores vel est voluptatem reprehenderit. Quia quam ut quis consectetur. Nihil porro sequi corporis iure. Sunt voluptatem voluptas qui est aperiam.',1,1,'2011-09-30 11:45:04'),(11,36,57,'Facere a possimus aliquid quasi. Voluptate voluptatem consequuntur ut minima. Odio autem culpa aut laboriosam iusto quia molestiae. Deserunt soluta reprehenderit pariatur eius occaecati alias.',1,0,'2018-12-23 06:59:11'),(12,87,77,'Laboriosam ut sunt sed. Nam possimus molestias molestiae minima deserunt voluptas facere minima. Autem excepturi nulla voluptatem vitae.',1,1,'2014-07-16 12:20:43'),(13,39,73,'Rerum autem iusto et non sint voluptate voluptate rerum. Nihil esse ut quam rerum id. Adipisci vel deleniti quae. Corporis ducimus voluptatem laborum id.',0,1,'2012-04-04 02:41:32'),(14,35,53,'Consectetur voluptatibus voluptate doloremque velit. Quia repellendus sit rerum nobis. Debitis consequatur corrupti aliquam praesentium et.',1,0,'2015-01-04 18:41:48'),(15,96,5,'Saepe et quo ut ut minima distinctio qui. Rerum quisquam dicta et. Distinctio ipsam eveniet repellat reprehenderit. Maiores cupiditate eaque praesentium velit quia.',0,1,'2019-05-10 17:24:40'),(16,45,32,'Qui repudiandae corporis in ipsum enim. Neque sed hic facere. Ex rerum eaque sint cum cum blanditiis magnam dolores. Voluptas quo id neque nihil aut facere et.',0,1,'2011-04-13 03:31:49'),(17,17,31,'Nisi error ab nam et et et nihil. Dolor quis voluptate nulla et. Facere nulla nesciunt voluptas. Quia exercitationem ut eveniet.',1,0,'2019-12-22 08:19:07'),(18,95,43,'Quae ut omnis dolor dolor sit. Aut neque porro nihil officiis ab quam. Doloribus vel temporibus quo et quo ipsam est. Fugiat rerum ut voluptatem ut.',0,0,'2013-07-13 04:30:09'),(19,18,10,'Atque qui aut commodi rerum sint deserunt accusamus nostrum. Ut dolores mollitia qui aspernatur placeat tenetur soluta earum. Ex quas animi cupiditate nam voluptatem placeat ut veniam. Animi incidunt consequatur voluptatem accusamus.',0,0,'2020-02-06 14:37:39'),(20,87,88,'Recusandae vel odit doloremque et fugiat aut. Officia blanditiis odit hic ut eveniet doloribus aspernatur soluta. Aut vitae sequi explicabo dolores quae voluptas accusantium.',0,0,'2012-04-11 17:27:45'),(21,52,84,'Beatae odit aut laboriosam eos a. Minima vel quis ex quibusdam. Dolore odio aut quia consequuntur. Consequuntur dignissimos autem voluptatibus eligendi qui beatae et.',1,0,'2015-12-15 16:15:03'),(22,87,38,'Alias repellat dolore in dolorum. Voluptate quas velit sit voluptatibus ullam a et. Nam qui et et iure recusandae.',0,1,'2013-09-14 08:21:35'),(23,38,95,'Explicabo recusandae recusandae voluptatum quaerat. Eum sit laboriosam eius id quis. Eius dolor facilis molestias in.',1,0,'2014-06-20 22:27:38'),(24,89,41,'Tenetur eligendi culpa quia omnis in quae a magnam. Minima magni illum neque. Tempore fugiat dolorem et quaerat earum autem vero. Tenetur sint sit mollitia qui laboriosam et delectus animi.',0,0,'2010-06-17 06:55:28'),(25,44,21,'Fuga vitae iure voluptate dignissimos eos. Quis ut voluptas nemo ullam excepturi incidunt. Corrupti placeat ad aliquam non est aut. Eum architecto ad reiciendis ex id voluptas saepe.',0,0,'2019-11-20 10:07:15'),(26,60,6,'Veniam et libero ipsam quas at voluptas ex. Laudantium quia quae esse explicabo. Totam officiis non nihil. Qui fuga vero ratione ea sequi id.',1,0,'2015-01-08 08:11:39'),(27,24,81,'Dolorem quisquam quis aut quo. Odit quis inventore quo illo earum voluptatem commodi eum. Unde minima quam similique magni.',0,1,'2012-10-22 11:05:54'),(28,74,58,'A a dolor vero quo fugiat dignissimos. Error earum veniam iste itaque. Ullam temporibus exercitationem et recusandae saepe.',0,0,'2011-07-19 17:50:27'),(29,30,31,'Et est perspiciatis omnis sapiente. Fugit qui pariatur atque voluptas eligendi expedita rerum. Voluptatem et maiores necessitatibus velit.',0,1,'2016-12-05 05:48:33'),(30,81,55,'Perferendis eos consequuntur sed consequuntur nihil qui quo. Sit qui iusto eaque ut voluptas vel. Quam sed animi suscipit ea quasi consectetur. Pariatur ipsum dolores adipisci alias saepe dolorem maiores.',1,0,'2010-04-28 04:28:29'),(31,10,71,'Odit voluptas sit itaque voluptatibus sint quasi qui. Sequi libero sunt quibusdam est unde. Voluptatem dolorem officiis libero ea ut deleniti hic velit.',0,0,'2015-02-20 09:43:57'),(32,55,14,'Vero ad sunt cum quia natus. Ut sint sed sit debitis possimus et voluptas qui. Quisquam vitae unde error nihil sapiente. Rerum autem nemo aut est saepe velit ea.',0,0,'2019-11-15 01:08:38'),(33,96,89,'Voluptatem eaque sunt voluptas eligendi velit quaerat. Ipsum illo a voluptate recusandae placeat dolores placeat. Non et omnis quia quam quos aut aut. Voluptas aut quis corrupti provident tempore reiciendis sed.',0,0,'2014-09-30 01:20:49'),(34,35,59,'Et ut optio magnam et qui. Fugiat quasi quaerat eveniet voluptatem nam voluptatem. Culpa sed aut natus id.',1,0,'2016-11-28 04:39:22'),(35,82,100,'Nulla optio tempore tempore quod quo beatae. Doloremque quam ea quisquam repellat voluptatum. Et aut in minima provident voluptatem.',0,0,'2018-11-27 04:47:56'),(36,57,14,'Repudiandae cupiditate aliquam illum minus iste. Voluptatem illo doloribus sunt quis aliquam illo. Placeat quod perspiciatis autem rerum recusandae expedita asperiores. Aut minus quasi eveniet quis incidunt ut.',1,0,'2010-08-11 10:01:19'),(37,53,12,'Ut autem ea vero molestias qui aut. Est deleniti rerum assumenda molestias reprehenderit.',0,0,'2011-04-03 04:55:52'),(38,88,91,'Dolorem quisquam quos veniam explicabo pariatur rerum laboriosam. Enim cum reprehenderit ipsum ut. Eveniet vitae earum alias fuga. Minima tempora officia possimus delectus omnis.',1,0,'2015-09-25 16:31:03'),(39,40,63,'Et alias voluptatem officia dolorem. Rem eos architecto natus magnam vitae. Et ipsam fugiat exercitationem quia.',0,1,'2014-09-26 02:42:33'),(40,19,85,'Alias hic incidunt voluptatem non beatae. Corrupti vel praesentium libero perspiciatis id aut. Eum et vel velit maxime. Blanditiis sint asperiores iusto.',1,0,'2015-01-11 10:00:21'),(41,67,34,'Quibusdam quae distinctio eos voluptatibus at aut laboriosam consequatur. Sunt nisi quaerat tempore possimus. Harum qui aut nemo velit ut vero est facere.',1,0,'2016-02-11 20:00:57'),(42,71,36,'Qui ducimus sit odit. Maxime est voluptas autem iste quidem. Ut quia dolores vero.',0,0,'2016-12-24 16:27:20'),(43,39,12,'Repellat explicabo quis magnam esse doloribus. Qui ut ea officia sit voluptatibus voluptatem. Eligendi qui quasi earum eaque est veritatis. Iure nobis excepturi officiis numquam.',1,1,'2010-11-05 01:17:12'),(44,47,82,'Consequatur dolore nostrum dolore. Culpa eius tenetur enim placeat at dolor natus. Aut eum optio quaerat optio animi.',1,1,'2012-11-27 21:53:14'),(45,11,95,'Ea consequuntur neque modi enim consequatur. Tempora quam amet beatae et explicabo dolorem. Ipsam aut rem et eligendi doloremque. Praesentium pariatur repellat quidem eum unde quaerat sit.',0,1,'2015-04-07 11:41:27'),(46,8,33,'Corporis sint reiciendis possimus similique veritatis delectus et. Sit quia illo sit harum animi assumenda recusandae. Corrupti ad in quod aut mollitia natus. Consectetur mollitia consequatur consequatur ducimus esse non.',0,0,'2019-10-22 23:58:19'),(47,100,5,'Magnam dolorem aliquid harum et iure. Incidunt quia omnis doloribus maiores sit. Blanditiis dolorum culpa delectus dolorem voluptas dolor.',1,0,'2013-02-27 15:47:28'),(48,69,20,'Omnis laborum debitis repellendus voluptatum odit. Vel ut et porro consequatur. Vel dolor facere sint et. Minus iusto et magnam quo voluptatibus aspernatur voluptatem voluptates.',1,1,'2016-07-08 01:50:52'),(49,14,66,'Accusantium et qui reiciendis laudantium voluptatem. Aliquam facilis voluptates sunt deleniti vel fugiat voluptas. Amet voluptatem ut repellendus qui qui rerum aut. Voluptas deleniti illum possimus et ipsum consequuntur.',0,0,'2011-05-10 22:56:59'),(50,96,88,'Enim alias quod ipsum id minus. Et neque quod qui dignissimos. Neque tenetur nesciunt sed et.',1,1,'2013-09-02 13:57:22'),(51,73,69,'Et eaque amet sequi iure magnam consectetur rerum. Quas et vel ut corporis non est. Quis ex provident dolorem distinctio.',0,1,'2017-06-09 12:45:58'),(52,27,92,'Voluptas doloribus pariatur vero eum repellat doloribus. Omnis amet consequatur enim placeat pariatur et quia cupiditate. Error sint error et ut cupiditate consequatur. Et est nisi qui consectetur quod sed veritatis.',1,0,'2016-09-15 11:27:46'),(53,33,96,'At harum sed numquam est sapiente quia ducimus. Ab consectetur quis officiis at. Et corrupti iure temporibus facere.',1,0,'2010-06-23 06:46:57'),(54,37,7,'Quas velit eius aut voluptate nesciunt consequatur. Quaerat veniam nihil assumenda officiis voluptas qui asperiores. Quaerat qui quia quisquam repellendus voluptas omnis. Possimus tenetur nihil beatae quisquam cupiditate.',0,0,'2019-12-22 04:32:40'),(55,76,65,'Natus et sunt expedita. Cumque placeat aut similique nisi. Ad sint aut excepturi enim. Est aperiam deleniti qui exercitationem dolorem reprehenderit necessitatibus.',1,1,'2014-02-03 13:42:50'),(56,23,70,'Voluptatem voluptatem soluta eos voluptates ut soluta repudiandae. Deserunt non illo aut sapiente aspernatur. Ut sed nihil laudantium itaque quo. Dignissimos sed velit modi cum repellat dolores nostrum laboriosam. Dolor blanditiis voluptatem magni eos eos.',1,1,'2018-01-05 11:41:46'),(57,36,89,'Facere officia in veniam. In doloribus aut in eum. Incidunt accusantium qui itaque et. Aliquid eum voluptatum nostrum et qui.',1,0,'2011-12-11 00:01:42'),(58,85,3,'Facere ea illum placeat voluptatem qui occaecati dolore placeat. Fugiat aut voluptatem iusto veritatis et quasi sunt. Quas amet ex maxime dolores qui eos officiis.',1,1,'2015-05-20 17:42:22'),(59,38,46,'Et et nihil minus facere. Numquam assumenda voluptas quidem eveniet est minus quia.',0,0,'2018-01-01 20:32:31'),(60,74,18,'Consectetur consectetur doloribus similique possimus sed ab. Voluptas beatae earum ipsa est voluptatem magni dolorum. Dolorem sunt est autem est dolor eveniet illum.',1,1,'2017-09-29 03:06:12'),(61,42,30,'Odio consequatur omnis modi ratione molestiae officiis. Tempora repellat necessitatibus nobis incidunt similique corrupti. Omnis voluptatem ullam aliquam fugiat quasi eligendi ducimus.',1,1,'2015-08-25 13:51:53'),(62,97,100,'Et aut dicta fugit hic. Nihil cumque omnis sit. Consequuntur occaecati omnis qui sit sint sint. Eum qui facilis repellat consectetur quia dolore unde reiciendis.',1,0,'2014-10-23 08:54:01'),(63,9,78,'Ut exercitationem vel voluptatum omnis. Error asperiores sed commodi esse.',1,1,'2012-03-22 09:00:47'),(64,90,99,'Omnis itaque recusandae earum animi iure non minus. Est veritatis voluptatem omnis dolor.',0,0,'2011-04-22 01:05:25'),(65,28,59,'Nisi soluta et impedit quia ut. Sed ipsa necessitatibus ut aut et ipsam provident dicta. Nulla temporibus voluptatem ducimus ullam et aut odit sed. Placeat aut sint corrupti unde in fugiat.',1,1,'2013-12-02 10:45:03'),(66,60,48,'Magnam beatae recusandae eum exercitationem non placeat. Et iste placeat natus velit et. Cum autem amet quas. Autem dolor quaerat ea a vitae voluptates enim qui. Sint quas quia ratione rem voluptas modi quo sed.',1,1,'2019-01-12 10:15:56'),(67,21,53,'Amet labore maxime voluptatem enim. Suscipit qui ipsam numquam id labore et. Est at voluptatum ipsum natus.',0,1,'2012-02-29 15:47:57'),(68,82,10,'Quia et et sit deleniti. Suscipit repellat temporibus exercitationem iusto culpa.',0,0,'2010-05-04 22:01:24'),(69,98,33,'Eligendi nostrum et vitae ducimus at ullam. Placeat occaecati quis inventore impedit at nesciunt nostrum quis. Iusto qui modi velit occaecati et quos.',1,0,'2012-01-24 16:52:29'),(70,39,46,'Nulla beatae esse eum eveniet temporibus. Alias velit accusantium quos et. Nulla sit dicta qui accusamus maiores. Reprehenderit doloremque corrupti nam.',0,0,'2011-02-23 05:32:46'),(71,58,60,'Vel voluptas in cupiditate id quia. Reiciendis quia quasi labore ea ut blanditiis. Sit facilis ut voluptatibus doloribus unde. Voluptatem odit voluptatem autem non quibusdam incidunt in.',0,1,'2019-06-08 22:00:40'),(72,15,40,'Et totam eum expedita iure necessitatibus aperiam. Expedita assumenda exercitationem vero vel autem. Nostrum numquam sapiente autem magnam repellendus dolores non voluptas.',1,1,'2020-02-20 08:53:11'),(73,28,41,'Fugit culpa libero rerum. Impedit neque aut facere voluptatem ratione. Ut animi quidem aliquam tenetur. Aut sit nihil est dolores.',0,1,'2018-03-17 22:59:24'),(74,7,51,'Temporibus enim dolore sit adipisci. Quis molestias distinctio iusto illo enim est ut hic.',1,0,'2015-04-04 11:55:17'),(75,35,7,'Placeat ea laborum eum illo. Omnis corrupti qui ut sed veniam. Fugit rerum quod vitae magnam perspiciatis aspernatur reiciendis. Id quis incidunt rerum impedit eos rem omnis.',1,1,'2016-01-27 12:37:58'),(76,39,7,'Consequatur quas autem assumenda deserunt labore. Inventore velit deserunt voluptas iusto. Atque tempora omnis consectetur temporibus illo qui voluptates nihil.',1,1,'2015-11-11 21:07:24'),(77,12,40,'Non consequatur molestiae dignissimos autem sint ex nam. Et dolor possimus modi quia occaecati maxime dicta neque. Et ad excepturi dignissimos aut sapiente id aut a.',0,0,'2017-09-30 02:36:37'),(78,12,80,'Numquam doloremque ut impedit maxime. Iusto explicabo ab in ut nostrum eius dolorum voluptates. Officiis sunt reiciendis aut nam pariatur omnis. Qui at omnis perspiciatis nam quia qui dolores illo.',1,0,'2016-06-04 04:19:58'),(79,71,80,'Minima dicta culpa culpa nihil aut commodi. Dolorem est tempora a omnis quibusdam esse. Eos consequuntur blanditiis rerum harum accusamus quibusdam. Sunt nam ratione ut itaque.',0,1,'2013-10-15 18:01:22'),(80,51,79,'Placeat et neque tempora delectus repellat. Earum et aut quas expedita. Repellendus qui voluptas aliquam dignissimos aperiam. Autem aut tenetur aspernatur excepturi similique et.',1,0,'2011-09-10 07:38:31'),(81,56,63,'Enim eos alias culpa. Vel velit ab dolor doloremque a eius quos iste.',0,1,'2010-12-28 11:49:09'),(82,37,37,'Dolorum dignissimos esse architecto. Ut consequuntur itaque autem alias. Voluptatem sint et qui eveniet.',0,0,'2016-07-12 17:06:33'),(83,52,52,'Ipsum quod voluptatem delectus sapiente voluptatibus. Reiciendis consequatur temporibus quasi quis eos autem. Voluptatibus vitae eaque laborum voluptas.',1,0,'2019-11-22 08:12:28'),(84,87,14,'Quia impedit et quia quasi. Nobis doloribus reprehenderit fugiat tempore. Vitae veniam dolorem similique maiores officia iste. Fugit id aut expedita provident ab error dolores. Ut dolor et voluptatem ullam.',0,0,'2018-05-31 22:18:24'),(85,84,91,'Aliquid fugiat voluptatem nam et aut doloremque. Esse nisi natus ducimus consequatur quis aut ut temporibus. Iure eius sunt quasi consequatur.',0,0,'2014-01-18 22:42:06'),(86,35,94,'Aut voluptates vel a tempore. Qui aut rerum debitis nemo voluptatibus et. Voluptatem eum neque officia maxime vitae quia vitae.',1,1,'2016-07-01 03:34:40'),(87,47,80,'Et est iusto molestiae aliquam deleniti hic. Tempora et quo minus quis quisquam perspiciatis. Veniam nihil non aut error ullam non quo. Et ut repudiandae consequuntur earum excepturi asperiores maxime.',0,0,'2012-12-19 04:29:39'),(88,3,25,'Illum quaerat deleniti quidem suscipit. Odio nostrum aut odio. Eum totam sint voluptatibus ut consequatur.',0,1,'2010-12-13 06:09:08'),(89,74,35,'Aspernatur est quae fugiat saepe eum ut beatae. Excepturi esse rerum quibusdam fugiat rem ipsam. Numquam sed dolorum explicabo. Ut distinctio aut nihil ut nemo eos at quia.',1,1,'2019-03-25 09:54:44'),(90,32,64,'Magni eius atque magnam occaecati. Id deserunt debitis quia adipisci. Cupiditate quos aliquid adipisci ut voluptatem consectetur eveniet. Omnis qui perspiciatis est vero aut ratione.',1,0,'2010-05-19 04:00:47'),(91,80,4,'Rerum sit explicabo laborum. Amet quos necessitatibus consequatur at quia. Consequuntur ut provident culpa tempora. Sed ea sapiente nostrum quaerat velit.',0,1,'2016-02-22 03:24:25'),(92,52,6,'Incidunt numquam ipsa natus ut dolor sit est enim. Provident omnis ut maiores at fugiat ullam. Sunt quia ut autem velit dolores. Quis suscipit autem id est.',0,0,'2015-02-17 13:11:29'),(93,66,62,'Iure nulla occaecati nulla aut. Qui voluptatibus quas doloribus beatae. Eaque ut itaque placeat corrupti enim qui reiciendis id. Quo necessitatibus ducimus vel totam ea necessitatibus maxime.',1,0,'2011-12-11 19:58:43'),(94,95,58,'Eaque eum distinctio facere accusantium. Pariatur est vel in eos repellat amet quia. Animi dignissimos deleniti maxime quam eos qui illum.',0,0,'2014-11-20 09:14:55'),(95,1,94,'Rerum fugit nihil quasi quisquam facilis ut. Blanditiis assumenda velit occaecati dolorem voluptates.',1,1,'2019-09-29 08:08:49'),(96,88,82,'Ex quo repellendus est sequi ipsum aut. Incidunt recusandae distinctio iste nam explicabo pariatur. Similique dolor odio aut explicabo enim.',1,0,'2011-08-21 03:44:18'),(97,65,55,'Et quia et est non. Esse autem et et. Voluptatem laboriosam et voluptate qui non iusto. Modi adipisci et aut atque hic qui autem.',1,0,'2014-10-22 09:19:49'),(98,51,51,'Qui nihil aut enim est omnis magni consequatur voluptas. Dolores voluptate omnis animi facere similique. Quia laudantium adipisci omnis molestiae iusto omnis.',1,1,'2016-02-21 07:53:28'),(99,2,95,'Quis aspernatur sed aspernatur porro in soluta adipisci. Ut qui exercitationem aperiam ipsa corporis. Sit excepturi alias et ea.',1,0,'2011-11-24 15:21:31'),(100,53,94,'Autem et autem et. Asperiores inventore voluptatem cupiditate rerum amet autem quidem harum. Et minus ipsa quo molestiae molestiae reprehenderit temporibus aut.',0,0,'2011-10-14 01:13:26');
/*!40000 ALTER TABLE `messages` ENABLE KEYS */;
UNLOCK TABLES;

--
-- Table structure for table `profiles`
--

DROP TABLE IF EXISTS `profiles`;
/*!40101 SET @saved_cs_client     = @@character_set_client */;
/*!50503 SET character_set_client = utf8mb4 */;
CREATE TABLE `profiles` (
  `user_id` int unsigned NOT NULL,
  `gender` char(1) CHARACTER SET utf8 COLLATE utf8_unicode_ci NOT NULL,
  `birthday` date DEFAULT NULL,
  `city` varchar(100) CHARACTER SET utf8 COLLATE utf8_unicode_ci DEFAULT NULL,
  `country` varchar(100) CHARACTER SET utf8 COLLATE utf8_unicode_ci DEFAULT NULL,
  `photo_id` int unsigned NOT NULL,
  `created_at` datetime DEFAULT CURRENT_TIMESTAMP,
  `updated_at` datetime DEFAULT CURRENT_TIMESTAMP ON UPDATE CURRENT_TIMESTAMP,
  PRIMARY KEY (`user_id`)
) ENGINE=InnoDB DEFAULT CHARSET=utf8 COLLATE=utf8_unicode_ci;
/*!40101 SET character_set_client = @saved_cs_client */;

--
-- Dumping data for table `profiles`
--

LOCK TABLES `profiles` WRITE;
/*!40000 ALTER TABLE `profiles` DISABLE KEYS */;
INSERT INTO `profiles` VALUES (1,'f','1986-08-12','New Landen','Philippines',66,'2019-09-26 23:27:33','2020-04-01 14:42:57'),(2,'f','1996-08-16','Wilkinsonview','Hong Kong',37,'2019-08-07 14:20:32','2020-04-01 14:42:57'),(3,'m','2006-04-21','South Okey','Paraguay',57,'2019-05-11 05:07:13','2020-04-01 14:42:57'),(4,'m','2012-08-31','Erikaside','Cambodia',93,'2014-08-23 16:59:07','2020-04-01 14:42:57'),(5,'f','1988-06-04','Parisianshire','Armenia',55,'2017-02-03 23:57:27','2017-03-10 04:20:03'),(6,'m','2012-03-23','Torpstad','Latvia',72,'2017-05-29 05:33:56','2020-04-01 14:42:57'),(7,'m','1989-08-04','West Alizeland','Netherlands',77,'2018-07-21 08:13:39','2020-04-01 14:42:57'),(8,'m','2015-04-01','East Lucio','Panama',23,'2017-04-11 16:45:23','2020-04-01 14:42:57'),(9,'m','1983-06-30','Nikoborough','French Southern Territories',91,'2013-05-03 22:56:07','2020-01-25 15:07:25'),(10,'m','1982-02-07','Leannonberg','Bermuda',90,'2019-09-26 06:05:03','2020-04-01 14:42:57'),(11,'m','2009-04-06','Kutchside','Niger',21,'2019-08-03 09:03:56','2020-04-01 14:42:57'),(12,'m','2016-03-10','Eloisehaven','Bosnia and Herzegovina',4,'2010-09-28 00:38:48','2011-06-01 00:58:48'),(13,'m','2012-02-02','South Osbaldo','Guyana',47,'2014-02-23 21:35:34','2020-04-01 14:42:57'),(14,'f','2011-08-04','Helenahaven','Ukraine',91,'2016-05-15 14:55:35','2019-08-14 23:35:41'),(15,'m','2017-06-26','Bergeview','Philippines',22,'2013-03-14 01:57:30','2020-04-01 14:42:57'),(16,'f','2001-02-26','Christiansenmouth','Romania',33,'2012-03-01 11:04:48','2013-12-21 13:56:31'),(17,'m','1978-05-31','Leannonhaven','Bermuda',4,'2019-08-28 15:36:30','2020-04-01 14:42:57'),(18,'m','1989-04-18','Geraldinetown','Montenegro',19,'2010-11-09 18:13:34','2014-10-21 02:39:58'),(19,'f','2007-02-26','Lake Anabelle','Iceland',4,'2014-08-03 06:07:27','2015-02-28 04:45:30'),(20,'m','1975-07-14','New Cullenmouth','Latvia',81,'2012-03-07 03:13:07','2014-11-22 16:42:35'),(21,'m','1974-03-31','New Francisview','Canada',41,'2011-08-03 08:58:52','2019-12-22 17:45:47'),(22,'f','2008-09-15','Jessikafort','Gambia',51,'2011-08-11 14:20:03','2019-01-28 04:59:28'),(23,'f','1975-08-08','Osinskiberg','Thailand',47,'2018-07-26 06:01:24','2020-04-01 14:42:57'),(24,'f','1992-01-31','West Heather','Sweden',41,'2017-06-06 06:59:25','2020-04-01 14:42:57'),(25,'f','1997-03-08','New Clarechester','Isle of Man',14,'2017-07-23 11:39:41','2020-04-01 14:42:57'),(26,'m','2006-03-23','Lake Coreneshire','Sri Lanka',82,'2014-11-19 13:33:40','2016-01-03 12:45:25'),(27,'m','2010-10-29','Zoraside','Botswana',60,'2014-02-03 21:35:27','2020-04-01 14:42:57'),(28,'f','1982-02-26','West Marafort','Saint Vincent and the Grenadines',99,'2015-09-07 15:47:35','2020-04-01 14:42:57'),(29,'m','1991-10-28','New Otho','Saint Barthelemy',61,'2011-02-20 00:42:04','2016-08-04 06:42:44'),(30,'m','2013-04-18','North Ronnyview','Armenia',47,'2018-04-12 15:23:37','2020-04-01 14:42:57'),(31,'f','1980-10-25','Hassanfort','Bolivia',71,'2010-11-08 14:50:35','2020-04-01 14:42:57'),(32,'f','2007-10-07','Sauerport','Liechtenstein',22,'2011-11-03 18:55:32','2014-09-21 20:34:02'),(33,'f','1998-08-20','Thompsonton','Egypt',77,'2020-03-06 09:10:38','2020-04-01 14:42:57'),(34,'f','1981-04-13','Bogisichshire','Mongolia',20,'2012-07-13 04:27:31','2016-09-18 18:37:35'),(35,'f','1981-03-28','Millsside','Luxembourg',92,'2019-08-20 19:18:07','2020-04-01 14:42:57'),(36,'m','2010-10-19','North Aidashire','Korea',4,'2012-10-22 01:43:00','2015-01-04 14:52:01'),(37,'f','2003-07-04','North Kassandra','Belarus',19,'2019-12-27 00:42:07','2020-04-01 14:42:57'),(38,'f','1983-05-17','Lindseychester','British Virgin Islands',53,'2014-06-02 11:15:52','2020-04-01 14:42:57'),(39,'m','2003-06-16','Hughtown','Guinea-Bissau',4,'2010-11-22 03:58:51','2019-04-20 19:38:03'),(40,'f','2005-04-10','Kubhaven','Kenya',23,'2011-11-08 12:19:57','2020-04-01 14:42:57'),(41,'f','1976-05-23','East Urbanberg','Netherlands',52,'2013-03-26 21:41:09','2015-10-10 06:57:02'),(42,'m','2011-08-17','North Margieborough','Aruba',36,'2015-07-07 08:15:45','2020-04-01 14:42:57'),(43,'f','1977-01-17','Gloverland','Macedonia',32,'2014-08-16 16:40:48','2020-04-01 14:42:57'),(44,'m','1975-07-20','New Kraig','Liberia',6,'2017-11-02 13:04:01','2020-04-01 14:42:57'),(45,'m','2007-09-29','North Anabelhaven','Madagascar',15,'2017-04-20 12:26:54','2020-04-01 14:42:57'),(46,'f','1987-09-30','Port Cooper','New Zealand',51,'2015-04-19 06:43:34','2020-04-01 14:42:57'),(47,'m','1985-08-25','Trompberg','Holy See (Vatican City State)',81,'2011-09-13 17:32:08','2020-04-01 14:42:57'),(48,'f','2012-12-14','New Pearliehaven','Philippines',4,'2011-08-07 06:10:02','2016-07-17 09:26:49'),(49,'f','2003-12-11','Cletaland','Maldives',92,'2018-02-23 01:35:41','2020-04-01 14:42:57'),(50,'f','2000-09-02','East Presley','Comoros',6,'2012-03-12 08:26:10','2017-05-17 23:58:41'),(51,'m','2013-10-19','Rosenbaumview','Mongolia',16,'2013-03-29 15:36:43','2020-04-01 15:25:54'),(52,'m','1981-01-10','Harveyborough','Wallis and Futuna',57,'2017-06-28 19:57:11','2020-04-01 14:42:57'),(53,'f','1992-08-18','Ritchieton','South Georgia and the South Sandwich Islands',54,'2011-05-22 18:40:07','2015-10-27 07:05:37'),(54,'f','1972-10-30','Tillmanville','Grenada',44,'2012-10-02 16:52:23','2020-04-01 14:42:57'),(55,'m','1983-10-02','Brandoshire','New Caledonia',71,'2017-11-30 11:26:02','2020-04-01 14:42:57'),(56,'f','2014-07-28','West Kavonland','Anguilla',61,'2017-08-08 21:38:06','2020-04-01 14:42:57'),(57,'f','1994-03-24','Beierburgh','Albania',85,'2017-12-04 14:59:05','2020-04-01 14:42:57'),(58,'m','1971-11-11','Thompsonberg','Papua New Guinea',81,'2019-10-31 20:58:11','2020-04-01 14:42:57'),(59,'m','2014-03-19','Lake Ariside','Mauritania',70,'2010-06-01 14:46:23','2020-04-01 15:25:54'),(60,'m','1981-09-05','Kleinburgh','Macao',32,'2016-07-14 19:59:44','2020-04-01 14:42:57'),(61,'f','1971-06-20','Hermanport','Greenland',49,'2015-03-29 19:38:24','2020-04-01 14:42:57'),(62,'f','2007-05-30','North Lestertown','Malta',86,'2012-10-28 07:34:24','2013-06-27 11:01:21'),(63,'f','1993-01-24','Port Izabella','Pitcairn Islands',55,'2012-08-20 12:42:32','2019-02-07 01:24:30'),(64,'f','2015-01-18','Oletaview','Italy',71,'2018-01-01 22:17:58','2020-04-01 15:25:54'),(65,'m','1990-11-20','East Candice','Niger',52,'2017-06-25 09:47:26','2020-04-01 14:42:57'),(66,'m','1970-07-07','New Alessandra','Kyrgyz Republic',35,'2017-01-31 04:05:33','2020-04-01 14:42:57'),(67,'f','1987-06-16','Enriquehaven','Guyana',47,'2010-05-20 13:16:56','2011-07-17 07:29:51'),(68,'f','1984-04-20','South Clementineberg','Hong Kong',65,'2013-04-01 10:41:45','2020-04-01 14:42:57'),(69,'f','2005-07-02','Port Marcshire','Antarctica (the territory South of 60 deg S)',19,'2019-09-24 18:13:19','2020-04-01 14:42:57'),(70,'f','2002-05-26','West Elmo','British Virgin Islands',39,'2011-09-18 11:08:09','2017-06-20 07:42:54'),(71,'m','2005-10-19','New Shanon','Burkina Faso',49,'2017-07-25 18:16:22','2019-12-16 09:01:47'),(72,'m','1990-04-07','Lemkehaven','Guadeloupe',20,'2011-06-12 12:11:59','2015-08-19 04:45:43'),(73,'m','2001-10-03','Port Allanstad','Congo',59,'2017-01-14 11:00:15','2018-12-28 18:09:59'),(74,'f','2013-10-06','Lake Brionna','India',74,'2019-06-23 14:27:51','2020-04-01 15:25:54'),(75,'m','1970-01-17','South Emmanuelle','Lao People\'s Democratic Republic',82,'2013-04-07 16:21:23','2020-04-01 14:42:57'),(76,'m','1973-01-28','Lake Kelsiport','French Guiana',28,'2011-12-02 09:21:12','2018-01-02 08:26:23'),(77,'f','2002-02-23','Eileenberg','Netherlands Antilles',5,'2016-03-07 05:11:52','2020-04-01 14:42:57'),(78,'m','2016-05-11','Lake Jovan','Bolivia',56,'2018-12-22 07:42:13','2020-04-01 14:42:57'),(79,'f','1994-01-01','East Lawson','Ecuador',97,'2013-03-20 09:37:30','2018-05-10 05:47:51'),(80,'m','1999-06-24','Zaneland','Colombia',57,'2012-10-02 10:41:58','2012-11-11 21:16:31'),(81,'f','1979-08-04','Collinsstad','Nepal',22,'2016-01-12 09:39:03','2019-01-27 16:55:44'),(82,'m','1995-07-10','West Goldenborough','Austria',89,'2018-11-04 14:55:41','2020-04-01 14:42:57'),(83,'f','1992-07-29','Lake Lisahaven','United Kingdom',47,'2011-06-03 23:59:16','2015-01-10 03:06:13'),(84,'f','2013-09-13','Hoegershire','Korea',15,'2014-12-01 09:54:26','2017-09-12 22:26:33'),(85,'f','1999-02-27','West Icie','United States Minor Outlying Islands',65,'2010-12-08 12:10:09','2012-01-10 14:28:51'),(86,'f','1996-05-25','Port Barbaratown','Argentina',92,'2012-02-13 11:04:27','2016-08-14 04:37:03'),(87,'m','1988-06-28','Yostton','Cocos (Keeling) Islands',14,'2015-07-07 22:48:49','2020-04-01 14:42:57'),(88,'f','1994-10-22','Port Effie','Kyrgyz Republic',83,'2017-05-06 14:38:18','2020-04-01 14:42:57'),(89,'m','1998-06-01','New Anissahaven','Papua New Guinea',62,'2020-01-11 18:37:47','2020-04-01 14:42:57'),(90,'m','1997-01-04','Lake Abbie','Dominican Republic',94,'2011-11-03 00:56:26','2020-04-01 14:42:57'),(91,'f','1993-02-02','Audreanneside','Cambodia',30,'2010-05-05 07:56:27','2017-04-06 04:53:12'),(92,'m','2011-07-12','Dietrichburgh','Antarctica (the territory South of 60 deg S)',45,'2016-02-15 21:28:31','2019-06-29 13:47:24'),(93,'f','2004-07-31','Maggioside','Fiji',31,'2016-08-13 12:55:23','2020-04-01 14:42:57'),(94,'f','1979-06-17','Oletaside','Mexico',65,'2011-06-16 09:27:01','2016-02-11 21:58:16'),(95,'m','2014-01-30','Robelville','Macao',28,'2013-05-07 07:51:34','2020-04-01 15:25:54'),(96,'f','1992-08-01','Lake Virginiehaven','Belgium',27,'2012-06-28 17:52:59','2020-04-01 14:42:57'),(97,'m','1991-11-15','West Jimmie','Uzbekistan',83,'2013-05-25 05:14:56','2015-07-20 12:00:41'),(98,'m','1979-06-18','Collierside','Grenada',48,'2012-09-19 19:26:11','2016-07-25 22:29:32'),(99,'f','2017-09-05','Destineyfort','Tajikistan',14,'2018-07-02 21:20:07','2020-04-01 14:42:57'),(100,'m','2007-02-01','Halleton','Georgia',70,'2012-09-02 02:05:44','2020-04-01 14:42:57');
/*!40000 ALTER TABLE `profiles` ENABLE KEYS */;
UNLOCK TABLES;

--
-- Table structure for table `users`
--

DROP TABLE IF EXISTS `users`;
/*!40101 SET @saved_cs_client     = @@character_set_client */;
/*!50503 SET character_set_client = utf8mb4 */;
CREATE TABLE `users` (
  `id` int unsigned NOT NULL AUTO_INCREMENT,
  `first_name` varchar(100) CHARACTER SET utf8 COLLATE utf8_unicode_ci NOT NULL,
  `last_name` varchar(100) CHARACTER SET utf8 COLLATE utf8_unicode_ci NOT NULL,
  `email` varchar(120) CHARACTER SET utf8 COLLATE utf8_unicode_ci NOT NULL,
  `phone` varchar(120) CHARACTER SET utf8 COLLATE utf8_unicode_ci NOT NULL,
  `created_at` datetime DEFAULT CURRENT_TIMESTAMP,
  `updated_at` datetime DEFAULT CURRENT_TIMESTAMP ON UPDATE CURRENT_TIMESTAMP,
  PRIMARY KEY (`id`),
  UNIQUE KEY `email` (`email`),
  UNIQUE KEY `phone` (`phone`)
) ENGINE=InnoDB AUTO_INCREMENT=101 DEFAULT CHARSET=utf8 COLLATE=utf8_unicode_ci;
/*!40101 SET character_set_client = @saved_cs_client */;

--
-- Dumping data for table `users`
--

LOCK TABLES `users` WRITE;
/*!40000 ALTER TABLE `users` DISABLE KEYS */;
INSERT INTO `users` VALUES (1,'Herminia','Hettinger','amalia56@example.org','(712)870-0639x94791','2016-06-10 18:03:51','2017-06-11 08:50:50'),(2,'Narciso','Donnelly','ohayes@example.com','1-078-139-1165x14847','2019-11-21 02:35:56','2020-04-01 14:37:38'),(3,'Ivy','Wisozk','runolfsson.berneice@example.com','022.857.1072410','2012-12-27 00:09:01','2020-04-01 14:34:01'),(4,'Anahi','Robel','williamson.nya@example.net','1-296-542-9458x21544','2019-01-25 10:09:56','2020-04-01 14:37:38'),(5,'Adeline','Hammes','zemlak.pansy@example.org','1-185-762-7191x995','2012-12-12 22:29:42','2020-04-01 14:37:38'),(6,'Ike','Glover','alexa80@example.net','1-734-312-2619','2011-09-01 02:22:27','2020-04-01 14:37:38'),(7,'Coby','Keebler','kathryne.bergstrom@example.com','(004)432-2111x81564','2016-10-23 21:34:41','2018-04-25 18:39:04'),(8,'Thora','Conn','berneice.glover@example.org','+66(2)3074538351','2013-07-21 03:20:55','2013-08-13 11:25:49'),(9,'Braden','Lubowitz','esperanza.koepp@example.org','1-025-076-5687x9482','2011-06-13 08:59:40','2019-09-27 08:08:49'),(10,'Stella','Kling','wilfrid.gerlach@example.com','726.713.2034x320','2012-09-30 18:14:24','2012-10-26 07:09:08'),(11,'Elmore','Rath','brittany43@example.net','+18(6)3379749834','2019-04-10 17:07:30','2020-04-01 14:37:38'),(12,'Cameron','Nolan','shanon47@example.org','(791)346-2918x41010','2014-02-24 01:00:29','2020-04-01 14:37:38'),(13,'Holden','Dooley','balistreri.katlyn@example.net','(492)878-4422x10433','2011-06-02 06:25:56','2018-04-27 18:24:58'),(14,'Alejandra','Lemke','carroll34@example.net','190.779.8691x21652','2018-09-09 08:56:45','2020-04-01 14:37:38'),(15,'Oleta','Lakin','maggie.considine@example.com','(772)876-3351x3447','2018-05-15 14:48:39','2020-04-01 14:37:38'),(16,'Sherman','Toy','roberta56@example.com','1-061-791-8017x6261','2013-08-24 06:34:19','2020-03-01 08:02:31'),(17,'Arthur','Bartoletti','stiedemann.estell@example.net','(437)423-5061x3595','2018-02-02 04:00:01','2020-04-01 14:37:38'),(18,'Adrianna','Kiehn','ohodkiewicz@example.com','661-097-1677x801','2014-03-13 04:41:33','2017-04-02 21:31:36'),(19,'Germaine','Hodkiewicz','antonina.keebler@example.net','1-287-271-4767x235','2017-08-23 22:27:56','2020-04-01 14:37:38'),(20,'Montana','Gislason','reginald52@example.org','1-145-794-7369x113','2018-01-02 01:52:49','2019-08-16 15:32:17'),(21,'Sarai','Kuhic','bechtelar.destany@example.net','859.145.4941420','2018-09-28 21:14:31','2020-04-01 14:34:01'),(22,'Melyssa','Schmitt','vinnie.ruecker@example.org','926-302-2801772','2018-01-11 21:22:01','2020-04-01 14:34:01'),(23,'Arnoldo','Raynor','baumbach.rickie@example.com','352.486.4224x26415','2015-07-01 00:15:48','2017-12-07 15:50:47'),(24,'Percival','Bernhard','ohauck@example.net','02602307196703','2012-08-16 08:17:11','2020-04-01 14:34:01'),(25,'Issac','Runolfsdottir','ottilie67@example.com','595.394.2784202','2013-09-14 17:06:48','2020-04-01 14:34:01'),(26,'Israel','Klein','wbartell@example.org','1-821-276-6510','2012-01-27 04:00:49','2015-12-13 22:43:00'),(27,'Alia','Weber','marcelino.wyman@example.com','(017)489-6858789','2020-02-11 04:04:24','2020-04-01 14:34:57'),(28,'Gabriella','Runte','hlueilwitz@example.org','832.129.4958x35984','2018-06-25 14:39:53','2020-04-01 14:37:38'),(29,'Rhiannon','O\'Kon','gorczany.eliza@example.net','1-992-693-6425','2015-01-30 19:14:53','2020-04-01 14:37:38'),(30,'Carolyn','Ledner','pierre.kemmer@example.com','365-923-2636x68522','2017-10-06 20:31:58','2020-04-01 14:37:38'),(31,'Anjali','Shields','aubree.hickle@example.org','(061)939-9036142','2010-06-12 19:29:14','2020-04-01 14:34:57'),(32,'Estefania','Heidenreich','ymorissette@example.org','(904)801-8068939','2011-01-25 04:31:51','2020-04-01 14:34:57'),(33,'Albin','Wehner','erik00@example.com','1-272-696-5056','2014-12-26 21:08:15','2020-04-01 14:37:38'),(34,'Dallas','Gulgowski','koch.johnny@example.org','+13(2)5656865547','2011-10-28 10:58:24','2013-07-21 07:24:54'),(35,'Nico','Stroman','landen77@example.com','524-849-1948598','2014-08-27 16:16:36','2020-04-01 14:34:01'),(36,'Cleo','Padberg','gschneider@example.org','290.094.7696x67815','2015-05-26 11:42:19','2016-11-09 11:22:06'),(37,'Eldred','Wolff','wilford.muller@example.com','931-782-3107x923','2011-06-21 02:24:01','2017-10-07 14:11:02'),(38,'Cydney','Tremblay','orval98@example.com','068.029.1707488','2020-02-23 20:55:33','2020-04-01 14:34:01'),(39,'Lane','Murray','okuneva.paula@example.net','007-567-5505x4360','2013-11-08 08:15:26','2020-04-01 14:37:38'),(40,'Jeanne','Wintheiser','desmond20@example.net','(615)476-4097577','2013-06-26 09:04:33','2020-04-01 14:34:57'),(41,'Shaylee','Rosenbaum','adolf85@example.net','845-079-5202x880','2018-06-06 04:20:56','2020-04-01 14:37:38'),(42,'Mabel','Hackett','dickinson.jacynthe@example.org','04533131931545','2011-01-18 09:07:44','2020-04-01 14:34:01'),(43,'Annamarie','Streich','mueller.willis@example.com','(072)422-6306864','2016-10-20 07:33:48','2020-04-01 14:34:57'),(44,'Lee','Wehner','grayson61@example.net','(424)491-0345x66939','2013-12-05 11:57:20','2017-05-18 19:05:56'),(45,'Modesto','Corwin','beulah.pfannerstill@example.net','367.545.4615261','2014-12-01 18:15:17','2020-04-01 14:34:01'),(46,'Ola','Kirlin','dtoy@example.net','1-362-830-8888x052','2011-10-14 03:26:27','2020-04-01 14:37:38'),(47,'Rhianna','Skiles','rachael52@example.org','1-419-370-4155','2015-07-24 22:47:16','2017-11-23 11:05:27'),(48,'Kavon','Schumm','reese.jerde@example.com','938-052-5380x9314','2012-09-18 05:51:33','2016-02-18 17:00:07'),(49,'Reta','Schamberger','langworth.alexandro@example.org','(684)386-7651695','2017-09-08 02:23:39','2020-04-01 14:34:57'),(50,'Blanche','Hintz','ernest.donnelly@example.com','(054)761-9785782','2012-12-05 06:29:04','2020-04-01 14:34:57'),(51,'Elvis','Feeney','dorothea79@example.net','(931)007-3377x31109','2012-11-14 14:06:16','2014-08-28 02:12:26'),(52,'Rickey','Towne','xlemke@example.org','(551)993-7925x59501','2020-02-15 19:02:30','2020-04-01 14:37:38'),(53,'Florence','Runolfsdottir','gianni.corwin@example.net','702.571.6821x7563','2013-07-19 14:52:52','2014-08-06 03:19:07'),(54,'Mohamed','Strosin','buck14@example.net','225.114.0510x44438','2018-07-14 04:29:29','2020-04-01 14:37:38'),(55,'Joan','Hane','treynolds@example.com','018.272.6158x4466','2018-02-23 08:05:32','2019-02-21 14:50:44'),(56,'Naomie','Heathcote','kristian.jast@example.com','(858)410-0400826','2013-12-12 04:03:56','2020-04-01 14:34:57'),(57,'Alize','Ziemann','consuelo62@example.com','008-726-5955470','2019-01-24 01:39:02','2020-04-01 14:34:01'),(58,'Amani','Schulist','isaiah82@example.org','913-909-2058569','2013-01-21 09:59:18','2020-04-01 14:34:01'),(59,'Willa','Carter','napoleon.gibson@example.net','00248887362438','2013-10-17 05:08:10','2020-04-01 14:34:01'),(60,'Alvis','Reichert','yheathcote@example.org','660-655-9689383','2010-04-14 01:54:23','2020-04-01 14:34:01'),(61,'Trisha','Johns','kovacek.florence@example.com','340-469-1829502','2016-09-15 20:23:58','2020-04-01 14:34:01'),(62,'Gilda','Mayer','kenya.barton@example.com','(845)223-7875784','2015-11-20 18:23:05','2020-04-01 14:34:57'),(63,'Dino','Schneider','pweissnat@example.com','765-490-8005x1319','2018-02-14 06:33:45','2020-04-01 14:37:38'),(64,'Freda','Reinger','valentine.schamberger@example.com','1-681-466-4829x06766','2015-06-08 13:38:32','2020-04-01 14:37:38'),(65,'Jonas','Johnson','cesar.deckow@example.org','1-714-886-1186x75146','2016-06-17 04:47:35','2020-04-01 14:37:38'),(66,'Deangelo','Zulauf','jordon80@example.net','+67(2)2707744939','2018-10-08 09:04:26','2020-04-01 14:37:38'),(67,'Wilson','Hoeger','hollie73@example.org','07853855241364','2013-06-26 01:03:33','2020-04-01 14:34:01'),(68,'Berneice','Kuphal','samson.kling@example.com','595.773.9355211','2013-03-17 18:33:03','2020-04-01 14:34:01'),(69,'Twila','Feeney','odie03@example.org','1-392-351-0452x960','2019-08-10 00:32:29','2020-04-01 14:37:38'),(70,'Wilhelmine','Turner','powlowski.jarod@example.org','943-783-1223x9455','2016-01-27 09:15:53','2020-04-01 14:37:38'),(71,'Noel','Kuhlman','macejkovic.imelda@example.net','+58(6)7235660548','2011-11-21 04:00:07','2020-01-31 15:42:22'),(72,'Dexter','Daniel','davion.franecki@example.com','466-159-4764x44688','2012-08-20 14:32:37','2015-09-29 21:52:44'),(73,'Dock','Barrows','brown.nicolas@example.com','1-288-860-8546x797','2014-07-26 10:55:35','2019-08-05 11:19:39'),(74,'Cleta','Olson','fernando28@example.net','083-035-1863764','2017-12-16 18:04:57','2020-04-01 14:34:01'),(75,'Prince','Fritsch','ara49@example.net','882.599.1093x6000','2020-03-25 04:18:55','2020-04-01 14:37:38'),(76,'Elvera','Cormier','jwest@example.com','1-592-771-4642','2018-07-11 16:07:30','2020-04-01 14:37:38'),(77,'Lelah','Haag','von.jamison@example.net','1-012-592-0524','2010-07-20 21:53:32','2019-02-01 09:06:00'),(78,'Javonte','Douglas','hilda22@example.net','+32(5)6770436538','2016-08-05 09:01:03','2020-04-01 14:37:38'),(79,'Eunice','Osinski','kobe.koepp@example.org','904-208-1407389','2010-12-09 16:23:02','2020-04-01 14:34:01'),(80,'Aida','Pagac','dach.columbus@example.net','(619)345-4917444','2016-04-12 22:00:53','2020-04-01 14:34:57'),(81,'Octavia','Homenick','daryl39@example.net','312-044-0391x374','2019-02-20 02:54:09','2020-04-01 14:37:38'),(82,'Orie','Jenkins','conrad.wuckert@example.net','796.378.6736x0244','2010-06-10 01:05:37','2015-01-01 21:36:47'),(83,'Kaylah','Yost','ro\'keefe@example.com','+80(2)4746494692','2019-07-10 04:09:31','2020-04-01 14:37:38'),(84,'Loren','Cummerata','flavio27@example.org','1-791-963-8057x0374','2012-08-26 18:53:23','2020-04-01 14:37:38'),(85,'Donavon','Towne','prosacco.vilma@example.net','511.771.2478x95220','2013-01-16 03:29:07','2020-04-01 14:37:38'),(86,'Dina','King','sam.purdy@example.com','376.639.6533455','2016-11-13 07:54:27','2020-04-01 14:34:01'),(87,'Rupert','Goyette','kerluke.brendan@example.org','054.283.9922110','2011-12-03 19:09:16','2020-04-01 14:34:01'),(88,'Rosie','Kautzer','abdiel73@example.net','+10(9)9350640330','2016-04-21 06:25:42','2020-04-01 14:37:38'),(89,'Esperanza','Wyman','carli25@example.net','513.384.4611883','2018-05-22 06:48:34','2020-04-01 14:34:01'),(90,'Charlene','Schumm','vpredovic@example.net','(854)977-1742x604','2012-01-15 04:22:43','2013-09-07 21:09:55'),(91,'Sammie','Shanahan','aron.krajcik@example.net','290-621-7367390','2012-09-18 03:07:46','2020-04-01 14:34:01'),(92,'Myrtie','Bradtke','wrussel@example.org','502.905.6507998','2016-01-11 10:20:46','2020-04-01 14:34:01'),(93,'Lonny','Schmeler','magnolia94@example.net','749-805-1420126','2014-07-21 16:38:00','2020-04-01 14:34:01'),(94,'Roderick','Runolfsson','friesen.bernadine@example.org','355.297.8012x09770','2013-02-07 17:38:30','2019-11-08 05:24:42'),(95,'Casimir','Torp','agislason@example.net','066.145.1936234','2010-07-10 01:50:37','2020-04-01 14:34:01'),(96,'Euna','Hartmann','abbie73@example.net','(809)649-7405667','2015-01-10 05:01:45','2020-04-01 14:34:57'),(97,'Clara','Goodwin','reggie.block@example.org','263-376-9777692','2019-12-17 09:17:21','2020-04-01 14:34:01'),(98,'Trenton','Corwin','zetta52@example.org','763-572-4776862','2015-09-03 15:09:50','2020-04-01 14:34:01'),(99,'Aimee','Smith','gina49@example.net','06512038286335','2012-03-28 10:49:47','2020-04-01 14:34:01'),(100,'Richmond','Schneider','eliezer.maggio@example.org','1-118-999-4974','2011-09-06 05:46:22','2019-05-04 08:12:40');
/*!40000 ALTER TABLE `users` ENABLE KEYS */;
UNLOCK TABLES;
/*!40103 SET TIME_ZONE=@OLD_TIME_ZONE */;

/*!40101 SET SQL_MODE=@OLD_SQL_MODE */;
/*!40014 SET FOREIGN_KEY_CHECKS=@OLD_FOREIGN_KEY_CHECKS */;
/*!40014 SET UNIQUE_CHECKS=@OLD_UNIQUE_CHECKS */;
/*!40101 SET CHARACTER_SET_CLIENT=@OLD_CHARACTER_SET_CLIENT */;
/*!40101 SET CHARACTER_SET_RESULTS=@OLD_CHARACTER_SET_RESULTS */;
/*!40101 SET COLLATION_CONNECTION=@OLD_COLLATION_CONNECTION */;
/*!40111 SET SQL_NOTES=@OLD_SQL_NOTES */;

-- Dump completed on 2020-04-01 17:44:07
