#
# TABLE STRUCTURE FOR: communities
#

DROP TABLE IF EXISTS `communities`;

CREATE TABLE `communities` (
  `id` int(10) unsigned NOT NULL AUTO_INCREMENT,
  `name` varchar(150) COLLATE utf8_unicode_ci NOT NULL,
  PRIMARY KEY (`id`),
  UNIQUE KEY `name` (`name`)
) ENGINE=InnoDB AUTO_INCREMENT=21 DEFAULT CHARSET=utf8 COLLATE=utf8_unicode_ci;

INSERT INTO `communities` (`id`, `name`) VALUES (19, 'at');
INSERT INTO `communities` (`id`, `name`) VALUES (10, 'dolorem');
INSERT INTO `communities` (`id`, `name`) VALUES (5, 'enim');
INSERT INTO `communities` (`id`, `name`) VALUES (20, 'ex');
INSERT INTO `communities` (`id`, `name`) VALUES (4, 'id');
INSERT INTO `communities` (`id`, `name`) VALUES (17, 'ipsa');
INSERT INTO `communities` (`id`, `name`) VALUES (15, 'modi');
INSERT INTO `communities` (`id`, `name`) VALUES (14, 'necessitatibus');
INSERT INTO `communities` (`id`, `name`) VALUES (11, 'non');
INSERT INTO `communities` (`id`, `name`) VALUES (18, 'officiis');
INSERT INTO `communities` (`id`, `name`) VALUES (7, 'placeat');
INSERT INTO `communities` (`id`, `name`) VALUES (12, 'quisquam');
INSERT INTO `communities` (`id`, `name`) VALUES (13, 'quos');
INSERT INTO `communities` (`id`, `name`) VALUES (8, 'rerum');
INSERT INTO `communities` (`id`, `name`) VALUES (3, 'sed');
INSERT INTO `communities` (`id`, `name`) VALUES (9, 'sint');
INSERT INTO `communities` (`id`, `name`) VALUES (16, 'sit');
INSERT INTO `communities` (`id`, `name`) VALUES (1, 'suscipit');
INSERT INTO `communities` (`id`, `name`) VALUES (2, 'velit');
INSERT INTO `communities` (`id`, `name`) VALUES (6, 'voluptates');


#
# TABLE STRUCTURE FOR: communities_users
#

DROP TABLE IF EXISTS `communities_users`;

CREATE TABLE `communities_users` (
  `community_id` int(10) unsigned NOT NULL,
  `user_id` int(10) unsigned NOT NULL,
  PRIMARY KEY (`community_id`,`user_id`)
) ENGINE=InnoDB DEFAULT CHARSET=utf8 COLLATE=utf8_unicode_ci;

INSERT INTO `communities_users` (`community_id`, `user_id`) VALUES (1, 1);
INSERT INTO `communities_users` (`community_id`, `user_id`) VALUES (1, 21);
INSERT INTO `communities_users` (`community_id`, `user_id`) VALUES (1, 41);
INSERT INTO `communities_users` (`community_id`, `user_id`) VALUES (1, 61);
INSERT INTO `communities_users` (`community_id`, `user_id`) VALUES (1, 81);
INSERT INTO `communities_users` (`community_id`, `user_id`) VALUES (2, 2);
INSERT INTO `communities_users` (`community_id`, `user_id`) VALUES (2, 22);
INSERT INTO `communities_users` (`community_id`, `user_id`) VALUES (2, 42);
INSERT INTO `communities_users` (`community_id`, `user_id`) VALUES (2, 62);
INSERT INTO `communities_users` (`community_id`, `user_id`) VALUES (2, 82);
INSERT INTO `communities_users` (`community_id`, `user_id`) VALUES (3, 3);
INSERT INTO `communities_users` (`community_id`, `user_id`) VALUES (3, 23);
INSERT INTO `communities_users` (`community_id`, `user_id`) VALUES (3, 43);
INSERT INTO `communities_users` (`community_id`, `user_id`) VALUES (3, 63);
INSERT INTO `communities_users` (`community_id`, `user_id`) VALUES (3, 83);
INSERT INTO `communities_users` (`community_id`, `user_id`) VALUES (4, 4);
INSERT INTO `communities_users` (`community_id`, `user_id`) VALUES (4, 24);
INSERT INTO `communities_users` (`community_id`, `user_id`) VALUES (4, 44);
INSERT INTO `communities_users` (`community_id`, `user_id`) VALUES (4, 64);
INSERT INTO `communities_users` (`community_id`, `user_id`) VALUES (4, 84);
INSERT INTO `communities_users` (`community_id`, `user_id`) VALUES (5, 5);
INSERT INTO `communities_users` (`community_id`, `user_id`) VALUES (5, 25);
INSERT INTO `communities_users` (`community_id`, `user_id`) VALUES (5, 45);
INSERT INTO `communities_users` (`community_id`, `user_id`) VALUES (5, 65);
INSERT INTO `communities_users` (`community_id`, `user_id`) VALUES (5, 85);
INSERT INTO `communities_users` (`community_id`, `user_id`) VALUES (6, 6);
INSERT INTO `communities_users` (`community_id`, `user_id`) VALUES (6, 26);
INSERT INTO `communities_users` (`community_id`, `user_id`) VALUES (6, 46);
INSERT INTO `communities_users` (`community_id`, `user_id`) VALUES (6, 66);
INSERT INTO `communities_users` (`community_id`, `user_id`) VALUES (6, 86);
INSERT INTO `communities_users` (`community_id`, `user_id`) VALUES (7, 7);
INSERT INTO `communities_users` (`community_id`, `user_id`) VALUES (7, 27);
INSERT INTO `communities_users` (`community_id`, `user_id`) VALUES (7, 47);
INSERT INTO `communities_users` (`community_id`, `user_id`) VALUES (7, 67);
INSERT INTO `communities_users` (`community_id`, `user_id`) VALUES (7, 87);
INSERT INTO `communities_users` (`community_id`, `user_id`) VALUES (8, 8);
INSERT INTO `communities_users` (`community_id`, `user_id`) VALUES (8, 28);
INSERT INTO `communities_users` (`community_id`, `user_id`) VALUES (8, 48);
INSERT INTO `communities_users` (`community_id`, `user_id`) VALUES (8, 68);
INSERT INTO `communities_users` (`community_id`, `user_id`) VALUES (8, 88);
INSERT INTO `communities_users` (`community_id`, `user_id`) VALUES (9, 9);
INSERT INTO `communities_users` (`community_id`, `user_id`) VALUES (9, 29);
INSERT INTO `communities_users` (`community_id`, `user_id`) VALUES (9, 49);
INSERT INTO `communities_users` (`community_id`, `user_id`) VALUES (9, 69);
INSERT INTO `communities_users` (`community_id`, `user_id`) VALUES (9, 89);
INSERT INTO `communities_users` (`community_id`, `user_id`) VALUES (10, 10);
INSERT INTO `communities_users` (`community_id`, `user_id`) VALUES (10, 30);
INSERT INTO `communities_users` (`community_id`, `user_id`) VALUES (10, 50);
INSERT INTO `communities_users` (`community_id`, `user_id`) VALUES (10, 70);
INSERT INTO `communities_users` (`community_id`, `user_id`) VALUES (10, 90);
INSERT INTO `communities_users` (`community_id`, `user_id`) VALUES (11, 11);
INSERT INTO `communities_users` (`community_id`, `user_id`) VALUES (11, 31);
INSERT INTO `communities_users` (`community_id`, `user_id`) VALUES (11, 51);
INSERT INTO `communities_users` (`community_id`, `user_id`) VALUES (11, 71);
INSERT INTO `communities_users` (`community_id`, `user_id`) VALUES (11, 91);
INSERT INTO `communities_users` (`community_id`, `user_id`) VALUES (12, 12);
INSERT INTO `communities_users` (`community_id`, `user_id`) VALUES (12, 32);
INSERT INTO `communities_users` (`community_id`, `user_id`) VALUES (12, 52);
INSERT INTO `communities_users` (`community_id`, `user_id`) VALUES (12, 72);
INSERT INTO `communities_users` (`community_id`, `user_id`) VALUES (12, 92);
INSERT INTO `communities_users` (`community_id`, `user_id`) VALUES (13, 13);
INSERT INTO `communities_users` (`community_id`, `user_id`) VALUES (13, 33);
INSERT INTO `communities_users` (`community_id`, `user_id`) VALUES (13, 53);
INSERT INTO `communities_users` (`community_id`, `user_id`) VALUES (13, 73);
INSERT INTO `communities_users` (`community_id`, `user_id`) VALUES (13, 93);
INSERT INTO `communities_users` (`community_id`, `user_id`) VALUES (14, 14);
INSERT INTO `communities_users` (`community_id`, `user_id`) VALUES (14, 34);
INSERT INTO `communities_users` (`community_id`, `user_id`) VALUES (14, 54);
INSERT INTO `communities_users` (`community_id`, `user_id`) VALUES (14, 74);
INSERT INTO `communities_users` (`community_id`, `user_id`) VALUES (14, 94);
INSERT INTO `communities_users` (`community_id`, `user_id`) VALUES (15, 15);
INSERT INTO `communities_users` (`community_id`, `user_id`) VALUES (15, 35);
INSERT INTO `communities_users` (`community_id`, `user_id`) VALUES (15, 55);
INSERT INTO `communities_users` (`community_id`, `user_id`) VALUES (15, 75);
INSERT INTO `communities_users` (`community_id`, `user_id`) VALUES (15, 95);
INSERT INTO `communities_users` (`community_id`, `user_id`) VALUES (16, 16);
INSERT INTO `communities_users` (`community_id`, `user_id`) VALUES (16, 36);
INSERT INTO `communities_users` (`community_id`, `user_id`) VALUES (16, 56);
INSERT INTO `communities_users` (`community_id`, `user_id`) VALUES (16, 76);
INSERT INTO `communities_users` (`community_id`, `user_id`) VALUES (16, 96);
INSERT INTO `communities_users` (`community_id`, `user_id`) VALUES (17, 17);
INSERT INTO `communities_users` (`community_id`, `user_id`) VALUES (17, 37);
INSERT INTO `communities_users` (`community_id`, `user_id`) VALUES (17, 57);
INSERT INTO `communities_users` (`community_id`, `user_id`) VALUES (17, 77);
INSERT INTO `communities_users` (`community_id`, `user_id`) VALUES (17, 97);
INSERT INTO `communities_users` (`community_id`, `user_id`) VALUES (18, 18);
INSERT INTO `communities_users` (`community_id`, `user_id`) VALUES (18, 38);
INSERT INTO `communities_users` (`community_id`, `user_id`) VALUES (18, 58);
INSERT INTO `communities_users` (`community_id`, `user_id`) VALUES (18, 78);
INSERT INTO `communities_users` (`community_id`, `user_id`) VALUES (18, 98);
INSERT INTO `communities_users` (`community_id`, `user_id`) VALUES (19, 19);
INSERT INTO `communities_users` (`community_id`, `user_id`) VALUES (19, 39);
INSERT INTO `communities_users` (`community_id`, `user_id`) VALUES (19, 59);
INSERT INTO `communities_users` (`community_id`, `user_id`) VALUES (19, 79);
INSERT INTO `communities_users` (`community_id`, `user_id`) VALUES (19, 99);
INSERT INTO `communities_users` (`community_id`, `user_id`) VALUES (20, 20);
INSERT INTO `communities_users` (`community_id`, `user_id`) VALUES (20, 40);
INSERT INTO `communities_users` (`community_id`, `user_id`) VALUES (20, 60);
INSERT INTO `communities_users` (`community_id`, `user_id`) VALUES (20, 80);
INSERT INTO `communities_users` (`community_id`, `user_id`) VALUES (20, 100);


#
# TABLE STRUCTURE FOR: friendship
#

DROP TABLE IF EXISTS `friendship`;

CREATE TABLE `friendship` (
  `user_id` int(10) unsigned NOT NULL,
  `friend_id` int(10) unsigned NOT NULL,
  `status_id` int(10) unsigned NOT NULL,
  `requested_at` datetime DEFAULT current_timestamp(),
  `confirmed_at` datetime DEFAULT NULL,
  PRIMARY KEY (`user_id`,`friend_id`)
) ENGINE=InnoDB DEFAULT CHARSET=utf8 COLLATE=utf8_unicode_ci;

INSERT INTO `friendship` (`user_id`, `friend_id`, `status_id`, `requested_at`, `confirmed_at`) VALUES (1, 23, 4, '2020-01-29 10:49:22', '2015-02-20 06:03:34');
INSERT INTO `friendship` (`user_id`, `friend_id`, `status_id`, `requested_at`, `confirmed_at`) VALUES (2, 6, 2, '2018-04-14 09:41:32', '2016-03-14 19:29:35');
INSERT INTO `friendship` (`user_id`, `friend_id`, `status_id`, `requested_at`, `confirmed_at`) VALUES (3, 49, 5, '2011-09-17 00:50:20', '2011-11-24 14:24:21');
INSERT INTO `friendship` (`user_id`, `friend_id`, `status_id`, `requested_at`, `confirmed_at`) VALUES (4, 2, 2, '2017-11-24 06:22:13', '2012-02-04 11:51:51');
INSERT INTO `friendship` (`user_id`, `friend_id`, `status_id`, `requested_at`, `confirmed_at`) VALUES (5, 42, 1, '2011-11-08 12:45:27', '2016-01-22 01:40:05');
INSERT INTO `friendship` (`user_id`, `friend_id`, `status_id`, `requested_at`, `confirmed_at`) VALUES (6, 27, 5, '2018-12-01 03:53:32', '2010-08-26 12:35:22');
INSERT INTO `friendship` (`user_id`, `friend_id`, `status_id`, `requested_at`, `confirmed_at`) VALUES (7, 26, 2, '2019-12-12 21:53:09', '2012-03-31 19:52:20');
INSERT INTO `friendship` (`user_id`, `friend_id`, `status_id`, `requested_at`, `confirmed_at`) VALUES (8, 91, 2, '2011-02-17 10:52:07', '2014-09-09 02:51:07');
INSERT INTO `friendship` (`user_id`, `friend_id`, `status_id`, `requested_at`, `confirmed_at`) VALUES (9, 53, 4, '2019-09-06 17:20:01', '2017-03-04 07:46:03');
INSERT INTO `friendship` (`user_id`, `friend_id`, `status_id`, `requested_at`, `confirmed_at`) VALUES (10, 45, 2, '2017-08-23 19:06:45', '2017-03-04 13:41:38');
INSERT INTO `friendship` (`user_id`, `friend_id`, `status_id`, `requested_at`, `confirmed_at`) VALUES (11, 73, 2, '2012-05-24 17:07:36', '2016-11-07 01:12:47');
INSERT INTO `friendship` (`user_id`, `friend_id`, `status_id`, `requested_at`, `confirmed_at`) VALUES (12, 76, 5, '2014-01-11 03:38:47', '2015-04-24 10:46:48');
INSERT INTO `friendship` (`user_id`, `friend_id`, `status_id`, `requested_at`, `confirmed_at`) VALUES (13, 16, 4, '2016-02-05 16:20:23', '2011-06-12 21:47:50');
INSERT INTO `friendship` (`user_id`, `friend_id`, `status_id`, `requested_at`, `confirmed_at`) VALUES (14, 29, 2, '2010-07-09 18:17:43', '2014-01-12 07:03:10');
INSERT INTO `friendship` (`user_id`, `friend_id`, `status_id`, `requested_at`, `confirmed_at`) VALUES (15, 72, 3, '2013-11-19 17:57:20', '2012-02-26 06:23:20');
INSERT INTO `friendship` (`user_id`, `friend_id`, `status_id`, `requested_at`, `confirmed_at`) VALUES (16, 81, 1, '2012-07-26 05:01:35', '2012-07-11 04:04:44');
INSERT INTO `friendship` (`user_id`, `friend_id`, `status_id`, `requested_at`, `confirmed_at`) VALUES (17, 14, 3, '2015-04-22 18:23:09', '2019-09-03 15:55:35');
INSERT INTO `friendship` (`user_id`, `friend_id`, `status_id`, `requested_at`, `confirmed_at`) VALUES (18, 78, 5, '2019-01-27 19:23:45', '2012-10-29 14:17:35');
INSERT INTO `friendship` (`user_id`, `friend_id`, `status_id`, `requested_at`, `confirmed_at`) VALUES (19, 83, 1, '2014-06-05 17:12:51', '2010-03-26 10:22:24');
INSERT INTO `friendship` (`user_id`, `friend_id`, `status_id`, `requested_at`, `confirmed_at`) VALUES (20, 38, 2, '2018-12-11 07:50:14', '2011-08-10 15:51:15');
INSERT INTO `friendship` (`user_id`, `friend_id`, `status_id`, `requested_at`, `confirmed_at`) VALUES (21, 92, 4, '2017-06-30 13:39:08', '2012-03-01 05:59:37');
INSERT INTO `friendship` (`user_id`, `friend_id`, `status_id`, `requested_at`, `confirmed_at`) VALUES (22, 70, 3, '2012-07-02 12:14:12', '2012-02-29 16:59:25');
INSERT INTO `friendship` (`user_id`, `friend_id`, `status_id`, `requested_at`, `confirmed_at`) VALUES (23, 35, 5, '2014-08-07 17:26:26', '2016-05-16 09:56:58');
INSERT INTO `friendship` (`user_id`, `friend_id`, `status_id`, `requested_at`, `confirmed_at`) VALUES (24, 60, 3, '2019-06-14 10:45:51', '2012-08-14 03:50:56');
INSERT INTO `friendship` (`user_id`, `friend_id`, `status_id`, `requested_at`, `confirmed_at`) VALUES (25, 13, 1, '2018-07-26 10:30:38', '2017-09-20 22:01:33');
INSERT INTO `friendship` (`user_id`, `friend_id`, `status_id`, `requested_at`, `confirmed_at`) VALUES (26, 79, 3, '2016-03-09 04:41:22', '2018-06-21 10:17:21');
INSERT INTO `friendship` (`user_id`, `friend_id`, `status_id`, `requested_at`, `confirmed_at`) VALUES (27, 97, 2, '2015-04-03 19:28:15', '2015-08-15 20:24:30');
INSERT INTO `friendship` (`user_id`, `friend_id`, `status_id`, `requested_at`, `confirmed_at`) VALUES (28, 84, 5, '2019-02-04 10:08:47', '2016-05-14 17:59:35');
INSERT INTO `friendship` (`user_id`, `friend_id`, `status_id`, `requested_at`, `confirmed_at`) VALUES (29, 94, 5, '2014-02-09 11:48:06', '2016-02-12 13:22:18');
INSERT INTO `friendship` (`user_id`, `friend_id`, `status_id`, `requested_at`, `confirmed_at`) VALUES (30, 48, 4, '2012-12-04 05:02:28', '2010-04-03 01:34:40');
INSERT INTO `friendship` (`user_id`, `friend_id`, `status_id`, `requested_at`, `confirmed_at`) VALUES (31, 21, 2, '2011-06-02 08:05:04', '2016-01-27 11:35:56');
INSERT INTO `friendship` (`user_id`, `friend_id`, `status_id`, `requested_at`, `confirmed_at`) VALUES (32, 43, 2, '2011-03-30 16:53:55', '2014-01-09 00:51:06');
INSERT INTO `friendship` (`user_id`, `friend_id`, `status_id`, `requested_at`, `confirmed_at`) VALUES (33, 3, 1, '2019-12-19 19:48:47', '2011-12-31 17:42:30');
INSERT INTO `friendship` (`user_id`, `friend_id`, `status_id`, `requested_at`, `confirmed_at`) VALUES (34, 61, 4, '2014-04-15 01:37:43', '2010-05-31 16:16:32');
INSERT INTO `friendship` (`user_id`, `friend_id`, `status_id`, `requested_at`, `confirmed_at`) VALUES (35, 98, 1, '2010-08-03 17:32:19', '2011-10-19 06:59:43');
INSERT INTO `friendship` (`user_id`, `friend_id`, `status_id`, `requested_at`, `confirmed_at`) VALUES (36, 40, 1, '2016-05-01 08:34:03', '2011-05-22 16:35:27');
INSERT INTO `friendship` (`user_id`, `friend_id`, `status_id`, `requested_at`, `confirmed_at`) VALUES (37, 33, 5, '2015-05-15 16:40:06', '2017-08-30 19:34:47');
INSERT INTO `friendship` (`user_id`, `friend_id`, `status_id`, `requested_at`, `confirmed_at`) VALUES (38, 32, 2, '2011-01-23 06:46:30', '2017-01-23 04:22:40');
INSERT INTO `friendship` (`user_id`, `friend_id`, `status_id`, `requested_at`, `confirmed_at`) VALUES (39, 41, 3, '2012-01-26 04:15:58', '2016-10-20 19:22:43');
INSERT INTO `friendship` (`user_id`, `friend_id`, `status_id`, `requested_at`, `confirmed_at`) VALUES (40, 28, 3, '2011-11-10 16:58:40', '2016-04-08 20:39:58');
INSERT INTO `friendship` (`user_id`, `friend_id`, `status_id`, `requested_at`, `confirmed_at`) VALUES (41, 93, 5, '2012-06-09 14:42:17', '2011-09-25 09:55:47');
INSERT INTO `friendship` (`user_id`, `friend_id`, `status_id`, `requested_at`, `confirmed_at`) VALUES (42, 39, 4, '2015-12-23 07:14:00', '2014-04-05 06:37:52');
INSERT INTO `friendship` (`user_id`, `friend_id`, `status_id`, `requested_at`, `confirmed_at`) VALUES (43, 95, 2, '2014-10-21 23:55:19', '2018-03-28 15:25:45');
INSERT INTO `friendship` (`user_id`, `friend_id`, `status_id`, `requested_at`, `confirmed_at`) VALUES (44, 47, 3, '2013-07-29 18:55:58', '2019-07-24 06:18:19');
INSERT INTO `friendship` (`user_id`, `friend_id`, `status_id`, `requested_at`, `confirmed_at`) VALUES (45, 18, 2, '2015-07-08 02:22:49', '2011-01-13 17:15:02');
INSERT INTO `friendship` (`user_id`, `friend_id`, `status_id`, `requested_at`, `confirmed_at`) VALUES (46, 77, 5, '2020-02-07 13:57:39', '2010-07-19 03:51:58');
INSERT INTO `friendship` (`user_id`, `friend_id`, `status_id`, `requested_at`, `confirmed_at`) VALUES (47, 88, 1, '2013-06-09 21:16:23', '2015-08-22 02:57:26');
INSERT INTO `friendship` (`user_id`, `friend_id`, `status_id`, `requested_at`, `confirmed_at`) VALUES (48, 34, 3, '2010-11-03 16:00:50', '2013-04-14 18:42:55');
INSERT INTO `friendship` (`user_id`, `friend_id`, `status_id`, `requested_at`, `confirmed_at`) VALUES (49, 50, 2, '2014-02-23 05:30:26', '2014-06-02 22:23:06');
INSERT INTO `friendship` (`user_id`, `friend_id`, `status_id`, `requested_at`, `confirmed_at`) VALUES (50, 20, 1, '2016-10-15 07:46:04', '2014-04-19 14:58:12');


#
# TABLE STRUCTURE FOR: friendship_statuses
#

DROP TABLE IF EXISTS `friendship_statuses`;

CREATE TABLE `friendship_statuses` (
  `id` int(10) unsigned NOT NULL AUTO_INCREMENT,
  `name` varchar(150) COLLATE utf8_unicode_ci NOT NULL,
  PRIMARY KEY (`id`),
  UNIQUE KEY `name` (`name`)
) ENGINE=InnoDB AUTO_INCREMENT=6 DEFAULT CHARSET=utf8 COLLATE=utf8_unicode_ci;

INSERT INTO `friendship_statuses` (`id`, `name`) VALUES (2, 'aliquid');
INSERT INTO `friendship_statuses` (`id`, `name`) VALUES (4, 'aut');
INSERT INTO `friendship_statuses` (`id`, `name`) VALUES (5, 'harum');
INSERT INTO `friendship_statuses` (`id`, `name`) VALUES (1, 'laborum');
INSERT INTO `friendship_statuses` (`id`, `name`) VALUES (3, 'qui');


#
# TABLE STRUCTURE FOR: media
#

DROP TABLE IF EXISTS `media`;

CREATE TABLE `media` (
  `id` int(10) unsigned NOT NULL AUTO_INCREMENT,
  `media_type_id` int(10) unsigned NOT NULL,
  `user_id` int(10) unsigned NOT NULL,
  `file_path` varchar(255) COLLATE utf8_unicode_ci NOT NULL,
  `size` int(11) NOT NULL,
  `metadata` longtext CHARACTER SET utf8mb4 COLLATE utf8mb4_bin DEFAULT NULL,
  `created_at` datetime DEFAULT current_timestamp(),
  `updated_at` datetime DEFAULT current_timestamp() ON UPDATE current_timestamp(),
  PRIMARY KEY (`id`)
) ENGINE=InnoDB AUTO_INCREMENT=101 DEFAULT CHARSET=utf8 COLLATE=utf8_unicode_ci;

INSERT INTO `media` (`id`, `media_type_id`, `user_id`, `file_path`, `size`, `metadata`, `created_at`, `updated_at`) VALUES (1, 7, 1, 'http://quigleydooley.com/', 0, 'Quae nisi est libero eos. Voluptatem non ducimus quisquam tenetur. Ea eaque esse quae a sed.', '2017-02-08 06:34:45', '2017-12-27 20:59:32');
INSERT INTO `media` (`id`, `media_type_id`, `user_id`, `file_path`, `size`, `metadata`, `created_at`, `updated_at`) VALUES (2, 6, 2, 'http://www.skileslegros.org/', 6041, 'Earum facilis sint aspernatur ut cum pariatur nihil. Et est quia et rerum. Exercitationem sit quo magni sed temporibus error quaerat. Assumenda dolorum non nesciunt eius eius cumque atque.', '2019-04-26 14:13:19', '2015-01-17 23:39:00');
INSERT INTO `media` (`id`, `media_type_id`, `user_id`, `file_path`, `size`, `metadata`, `created_at`, `updated_at`) VALUES (3, 2, 3, 'http://koelpinmoore.com/', 95754676, 'Odit et omnis saepe debitis ullam ex. Voluptas sunt aut laboriosam delectus sequi et. Quasi labore sit ea deserunt.', '2017-09-03 21:53:50', '2018-07-07 13:45:34');
INSERT INTO `media` (`id`, `media_type_id`, `user_id`, `file_path`, `size`, `metadata`, `created_at`, `updated_at`) VALUES (4, 5, 4, 'http://www.schaeferwaelchi.com/', 0, 'Autem ex voluptatum quo aut consectetur accusamus. Ut dolores enim distinctio. Tempora tenetur esse dolor et assumenda voluptatum earum minus. Illum labore praesentium harum sit.', '2011-02-12 12:29:41', '2011-07-12 00:58:59');
INSERT INTO `media` (`id`, `media_type_id`, `user_id`, `file_path`, `size`, `metadata`, `created_at`, `updated_at`) VALUES (5, 3, 5, 'http://bauch.com/', 5329007, 'Dolores est natus debitis dolor. Autem quia molestiae neque consequatur distinctio. Distinctio voluptates quaerat nam aut nihil sed eaque.', '2019-02-13 17:30:01', '2017-08-22 10:06:24');
INSERT INTO `media` (`id`, `media_type_id`, `user_id`, `file_path`, `size`, `metadata`, `created_at`, `updated_at`) VALUES (6, 5, 6, 'http://www.lakin.biz/', 691270171, 'Aspernatur maxime blanditiis harum ipsum in asperiores in. In dignissimos nisi iusto a dolorem eum. Aut et laudantium reprehenderit iure ea. Eum quo dignissimos eum omnis illum.', '2011-06-25 07:43:24', '2014-02-12 12:00:56');
INSERT INTO `media` (`id`, `media_type_id`, `user_id`, `file_path`, `size`, `metadata`, `created_at`, `updated_at`) VALUES (7, 7, 7, 'http://www.wiegand.com/', 30, 'Est dolorum maiores quibusdam. Porro architecto expedita perferendis. Consectetur reiciendis beatae delectus dignissimos. Et dicta amet expedita deserunt eum.', '2018-02-10 21:22:16', '2011-01-01 15:58:56');
INSERT INTO `media` (`id`, `media_type_id`, `user_id`, `file_path`, `size`, `metadata`, `created_at`, `updated_at`) VALUES (8, 9, 8, 'http://jacobi.info/', 532, 'Assumenda temporibus ipsum perspiciatis illum. Officiis quisquam reiciendis dolores iste fugit ducimus. Quam qui officiis omnis fugiat quo.', '2013-04-10 19:59:10', '2019-08-30 05:16:47');
INSERT INTO `media` (`id`, `media_type_id`, `user_id`, `file_path`, `size`, `metadata`, `created_at`, `updated_at`) VALUES (9, 9, 9, 'http://www.rohanlang.com/', 819, 'Iure non quas facere suscipit et. Temporibus dolorum dignissimos dicta consequuntur voluptatem quo. Et sint repudiandae incidunt sapiente aut dolorem.', '2013-06-07 22:06:06', '2014-10-15 07:35:43');
INSERT INTO `media` (`id`, `media_type_id`, `user_id`, `file_path`, `size`, `metadata`, `created_at`, `updated_at`) VALUES (10, 9, 10, 'http://www.mayerdickens.com/', 2, 'Minus nesciunt rerum earum dolorum ducimus voluptatem. Corrupti ut enim exercitationem. Ipsum sunt cupiditate non eveniet eos consequuntur esse.', '2010-10-21 06:53:08', '2014-06-09 10:48:05');
INSERT INTO `media` (`id`, `media_type_id`, `user_id`, `file_path`, `size`, `metadata`, `created_at`, `updated_at`) VALUES (11, 8, 11, 'http://torphy.com/', 24901894, 'Temporibus dolorum qui est aliquam iusto consequatur tempore. Nihil illo dolorem corrupti occaecati ullam autem.', '2010-07-10 18:36:55', '2010-08-24 06:09:19');
INSERT INTO `media` (`id`, `media_type_id`, `user_id`, `file_path`, `size`, `metadata`, `created_at`, `updated_at`) VALUES (12, 8, 12, 'http://www.gutkowski.org/', 0, 'Qui quaerat nobis est voluptatibus. Rerum quaerat aut illum architecto. Ab neque et et nisi quae adipisci.', '2014-03-22 21:54:48', '2015-09-13 12:41:58');
INSERT INTO `media` (`id`, `media_type_id`, `user_id`, `file_path`, `size`, `metadata`, `created_at`, `updated_at`) VALUES (13, 1, 13, 'http://www.dickiemmerich.com/', 7258, 'Et sint nihil est quisquam et delectus commodi. Nihil mollitia expedita sapiente natus vitae dolor perferendis. Et porro distinctio qui. Tempora repudiandae libero esse.', '2011-10-09 05:35:09', '2010-07-20 06:02:05');
INSERT INTO `media` (`id`, `media_type_id`, `user_id`, `file_path`, `size`, `metadata`, `created_at`, `updated_at`) VALUES (14, 5, 14, 'http://cronin.net/', 75739, 'Aliquid error ad omnis illo. Alias aut eum illo. Omnis perferendis rerum culpa quibusdam. Voluptas placeat ut quia perspiciatis voluptatem consequatur consequuntur.', '2014-04-08 16:08:43', '2018-04-12 07:20:52');
INSERT INTO `media` (`id`, `media_type_id`, `user_id`, `file_path`, `size`, `metadata`, `created_at`, `updated_at`) VALUES (15, 10, 15, 'http://jaskolski.com/', 763369, 'Sed nostrum aliquid quia exercitationem natus modi est. Natus esse reiciendis vel aut doloribus id non. Nihil vel incidunt sit explicabo.', '2016-06-05 20:25:15', '2015-08-20 13:22:39');
INSERT INTO `media` (`id`, `media_type_id`, `user_id`, `file_path`, `size`, `metadata`, `created_at`, `updated_at`) VALUES (16, 9, 16, 'http://prosaccogreenholt.com/', 12167634, 'Quibusdam deleniti harum aut tempore qui consequatur minima eum. Velit quia ab ullam ea similique tempore vero corporis.', '2011-08-10 02:25:00', '2011-02-11 09:47:43');
INSERT INTO `media` (`id`, `media_type_id`, `user_id`, `file_path`, `size`, `metadata`, `created_at`, `updated_at`) VALUES (17, 2, 17, 'http://muller.com/', 4, 'Autem perferendis rem nemo eveniet placeat labore quis. Ut facilis ut nam sequi. Delectus et ut ut laborum autem magni.', '2011-11-08 00:11:07', '2014-12-07 04:29:49');
INSERT INTO `media` (`id`, `media_type_id`, `user_id`, `file_path`, `size`, `metadata`, `created_at`, `updated_at`) VALUES (18, 1, 18, 'http://www.friesen.info/', 2153155, 'Distinctio non cumque culpa non. Cupiditate aut quaerat quaerat expedita est amet. Rerum sint voluptas qui iure. Doloremque quos sequi voluptates dolorum occaecati nihil dolorum.', '2016-01-14 12:07:00', '2010-10-10 18:11:00');
INSERT INTO `media` (`id`, `media_type_id`, `user_id`, `file_path`, `size`, `metadata`, `created_at`, `updated_at`) VALUES (19, 7, 19, 'http://towne.com/', 1, 'Aliquam quibusdam excepturi enim. Et voluptas eveniet sunt quisquam. Quod ea quo est aperiam nemo eius. Repellat maxime autem voluptatem qui. Voluptatem neque officia et minima.', '2019-09-30 11:22:02', '2018-12-23 19:21:31');
INSERT INTO `media` (`id`, `media_type_id`, `user_id`, `file_path`, `size`, `metadata`, `created_at`, `updated_at`) VALUES (20, 10, 20, 'http://olson.info/', 99660, 'Exercitationem voluptas omnis quo molestias ipsam. Ea fugiat itaque voluptatem vero vero amet occaecati dicta. Recusandae voluptas nam velit quae.', '2016-10-24 23:09:52', '2014-11-03 00:31:18');
INSERT INTO `media` (`id`, `media_type_id`, `user_id`, `file_path`, `size`, `metadata`, `created_at`, `updated_at`) VALUES (21, 6, 21, 'http://hamillnitzsche.com/', 99762, 'Voluptatem numquam velit officia earum. Voluptas facilis maiores totam minus non vel. Quo est ab possimus beatae.', '2020-03-23 12:04:54', '2014-10-03 03:57:16');
INSERT INTO `media` (`id`, `media_type_id`, `user_id`, `file_path`, `size`, `metadata`, `created_at`, `updated_at`) VALUES (22, 7, 22, 'http://www.halvorsonmoore.com/', 182714, 'Ea rem ut vitae doloribus. Quam nemo rerum ea ut. Reprehenderit quisquam soluta quia a quia sit.', '2012-12-20 15:42:53', '2010-09-30 00:47:17');
INSERT INTO `media` (`id`, `media_type_id`, `user_id`, `file_path`, `size`, `metadata`, `created_at`, `updated_at`) VALUES (23, 3, 23, 'http://jaskolski.com/', 1688722, 'Adipisci libero et consequuntur quia est. Voluptas qui eaque magnam aperiam at. Qui neque modi suscipit atque ut non quia magnam. Aut sunt vitae perferendis quam.', '2010-04-04 19:36:33', '2010-08-25 17:59:41');
INSERT INTO `media` (`id`, `media_type_id`, `user_id`, `file_path`, `size`, `metadata`, `created_at`, `updated_at`) VALUES (24, 3, 24, 'http://www.bosco.com/', 18, 'Beatae consequatur aliquid magnam aut. Et eius voluptas neque earum deleniti consequatur voluptas non. Odio id quia nisi enim voluptatem esse ex et.', '2018-04-10 22:32:18', '2015-02-04 18:16:48');
INSERT INTO `media` (`id`, `media_type_id`, `user_id`, `file_path`, `size`, `metadata`, `created_at`, `updated_at`) VALUES (25, 8, 25, 'http://www.gerholdschinner.net/', 6492797, 'Voluptatibus dolorem ab nulla. Mollitia cupiditate inventore nemo aperiam non. Aliquid nam facilis a iure occaecati. Beatae aut quos ullam voluptatem et reprehenderit nulla.', '2016-04-15 01:51:41', '2011-07-12 22:07:12');
INSERT INTO `media` (`id`, `media_type_id`, `user_id`, `file_path`, `size`, `metadata`, `created_at`, `updated_at`) VALUES (26, 2, 26, 'http://funkbechtelar.com/', 587462097, 'Dolorem voluptas beatae a harum in. Est explicabo dolore inventore. Aliquam quidem quia a totam totam. Beatae maiores qui ad.', '2013-07-11 15:16:09', '2012-10-10 06:07:48');
INSERT INTO `media` (`id`, `media_type_id`, `user_id`, `file_path`, `size`, `metadata`, `created_at`, `updated_at`) VALUES (27, 1, 27, 'http://www.hillsromaguera.org/', 0, 'Blanditiis quia in recusandae quis laboriosam. Et nostrum nihil qui occaecati eos. Est qui laboriosam magnam sit porro sapiente nostrum. Ratione totam consequatur cumque nam.', '2017-06-26 18:09:23', '2017-07-04 11:03:33');
INSERT INTO `media` (`id`, `media_type_id`, `user_id`, `file_path`, `size`, `metadata`, `created_at`, `updated_at`) VALUES (28, 4, 28, 'http://www.brekke.org/', 714, 'Dolorem nihil fugit dolore illum autem aut at. Doloremque temporibus harum architecto sed quam. Eveniet perferendis atque sit.\nLaudantium quia eos harum amet. Aut architecto est dolor.', '2012-05-03 12:52:12', '2016-01-02 10:08:19');
INSERT INTO `media` (`id`, `media_type_id`, `user_id`, `file_path`, `size`, `metadata`, `created_at`, `updated_at`) VALUES (29, 9, 29, 'http://www.mclaughlinhartmann.net/', 4938, 'Veritatis assumenda itaque voluptatem nulla quo. Consequuntur hic non magni corrupti sit quia. Est non sit voluptas sit exercitationem soluta recusandae. Dolor dolor ipsum sed dolor inventore.', '2014-12-16 23:34:56', '2012-07-02 22:35:20');
INSERT INTO `media` (`id`, `media_type_id`, `user_id`, `file_path`, `size`, `metadata`, `created_at`, `updated_at`) VALUES (30, 3, 30, 'http://www.kreigerankunding.biz/', 752289718, 'Et corrupti magni et quo. Nobis quasi laborum accusamus omnis. Quo aut sequi aspernatur quae tempora totam. Eum corporis officia sint quia nemo.', '2017-01-14 08:36:00', '2015-08-03 03:32:33');
INSERT INTO `media` (`id`, `media_type_id`, `user_id`, `file_path`, `size`, `metadata`, `created_at`, `updated_at`) VALUES (31, 9, 31, 'http://hudson.biz/', 52742466, 'Doloribus minima laborum provident ex. Accusantium rem officia voluptatum. Dolorum voluptas consequuntur cupiditate. Repudiandae ut aut et et.', '2014-12-19 15:35:47', '2011-09-30 16:57:26');
INSERT INTO `media` (`id`, `media_type_id`, `user_id`, `file_path`, `size`, `metadata`, `created_at`, `updated_at`) VALUES (32, 9, 32, 'http://www.hayesroob.biz/', 259901309, 'A aperiam rem laboriosam tenetur molestiae rem. Quo optio eum consequatur eius dolores beatae. Voluptatem rem et eos iusto ad.', '2019-06-20 03:50:43', '2016-05-09 13:56:23');
INSERT INTO `media` (`id`, `media_type_id`, `user_id`, `file_path`, `size`, `metadata`, `created_at`, `updated_at`) VALUES (33, 1, 33, 'http://durgan.com/', 38, 'Earum autem est quos nostrum voluptatem sed. Ad sunt architecto error et. Iure non sint ipsum veritatis.', '2016-08-28 07:00:08', '2016-11-11 06:12:20');
INSERT INTO `media` (`id`, `media_type_id`, `user_id`, `file_path`, `size`, `metadata`, `created_at`, `updated_at`) VALUES (34, 2, 34, 'http://www.altenwerth.com/', 946, 'Voluptas reiciendis corrupti exercitationem eaque. Incidunt accusamus autem inventore. Optio dolorem pariatur aliquid velit qui.', '2016-06-13 20:31:35', '2019-07-23 04:13:56');
INSERT INTO `media` (`id`, `media_type_id`, `user_id`, `file_path`, `size`, `metadata`, `created_at`, `updated_at`) VALUES (35, 2, 35, 'http://www.rodriguez.com/', 798, 'Error minima ratione blanditiis unde velit commodi occaecati. Natus dicta accusantium molestias dolorem beatae aut quo. Autem velit qui nihil. Ullam pariatur vero facilis blanditiis eum.', '2017-06-04 04:02:14', '2012-05-17 21:35:25');
INSERT INTO `media` (`id`, `media_type_id`, `user_id`, `file_path`, `size`, `metadata`, `created_at`, `updated_at`) VALUES (36, 2, 36, 'http://www.funk.com/', 6418844, 'Itaque possimus hic omnis doloribus qui quis. Dolor inventore ea iure nihil sunt. Sit id aut necessitatibus repellat omnis qui. Ipsa est cumque ab.', '2010-06-12 19:06:24', '2013-05-16 08:45:56');
INSERT INTO `media` (`id`, `media_type_id`, `user_id`, `file_path`, `size`, `metadata`, `created_at`, `updated_at`) VALUES (37, 8, 37, 'http://www.jones.com/', 3942, 'Iusto rerum sit hic et explicabo. Recusandae nihil impedit impedit. Ut voluptatem libero dolores ullam est quam.', '2016-10-18 19:04:25', '2015-12-04 16:16:29');
INSERT INTO `media` (`id`, `media_type_id`, `user_id`, `file_path`, `size`, `metadata`, `created_at`, `updated_at`) VALUES (38, 2, 38, 'http://murazik.com/', 0, 'In ea quam fugit exercitationem. Voluptate aliquam earum ut minus quaerat. Odit minus porro saepe aut aut inventore.', '2014-12-22 06:02:27', '2014-08-03 01:45:27');
INSERT INTO `media` (`id`, `media_type_id`, `user_id`, `file_path`, `size`, `metadata`, `created_at`, `updated_at`) VALUES (39, 1, 39, 'http://wolffpacocha.com/', 771085, 'Autem aliquid sit quia suscipit illo. Ab officiis neque in ea omnis ad. Voluptatibus quos nostrum autem aliquid ut laboriosam.', '2011-05-12 14:51:26', '2011-04-28 21:46:53');
INSERT INTO `media` (`id`, `media_type_id`, `user_id`, `file_path`, `size`, `metadata`, `created_at`, `updated_at`) VALUES (40, 6, 40, 'http://hoegerwalker.com/', 915056, 'Veritatis voluptas ex praesentium nulla non voluptatem facere. Odio impedit repellat occaecati magni architecto id sunt. Accusantium vel atque omnis esse. Ut eligendi et beatae minus consectetur.', '2015-10-18 12:20:19', '2012-02-01 11:00:39');
INSERT INTO `media` (`id`, `media_type_id`, `user_id`, `file_path`, `size`, `metadata`, `created_at`, `updated_at`) VALUES (41, 8, 41, 'http://www.hauckmosciski.org/', 41974117, 'Pariatur labore optio sit libero magnam sed harum. Porro dolorem dolores in. Inventore explicabo qui quia temporibus quia. Aperiam aliquam ipsam quia. Inventore quidem similique ab sit enim totam.', '2012-05-27 18:48:04', '2017-10-03 01:26:11');
INSERT INTO `media` (`id`, `media_type_id`, `user_id`, `file_path`, `size`, `metadata`, `created_at`, `updated_at`) VALUES (42, 10, 42, 'http://www.mclaughlin.com/', 415881, 'Vel aspernatur est quisquam nihil aut. Ipsam quia sed inventore ullam. Et nihil incidunt ad odio.', '2014-08-10 00:17:07', '2019-07-12 23:56:38');
INSERT INTO `media` (`id`, `media_type_id`, `user_id`, `file_path`, `size`, `metadata`, `created_at`, `updated_at`) VALUES (43, 6, 43, 'http://www.reichert.com/', 753, 'Enim molestiae aut voluptas omnis. Aut et consequatur quis dolores mollitia dignissimos.', '2010-05-05 19:49:50', '2019-03-29 10:50:35');
INSERT INTO `media` (`id`, `media_type_id`, `user_id`, `file_path`, `size`, `metadata`, `created_at`, `updated_at`) VALUES (44, 10, 44, 'http://www.cruickshankkovacek.com/', 24, 'Esse provident non in est nihil. Sit placeat non eos totam ducimus vitae qui. Sapiente sed est expedita rem. Non officia repellat nesciunt.', '2017-11-01 11:29:13', '2018-03-16 04:46:06');
INSERT INTO `media` (`id`, `media_type_id`, `user_id`, `file_path`, `size`, `metadata`, `created_at`, `updated_at`) VALUES (45, 6, 45, 'http://www.kassulke.info/', 484032938, 'Aut et ut ipsum est ea possimus eius. Laborum alias pariatur dolorem provident culpa.', '2015-03-29 20:26:29', '2016-11-24 00:56:41');
INSERT INTO `media` (`id`, `media_type_id`, `user_id`, `file_path`, `size`, `metadata`, `created_at`, `updated_at`) VALUES (46, 6, 46, 'http://auerkunde.net/', 62619543, 'Consequatur non saepe suscipit aperiam. Eveniet itaque delectus aut vel omnis atque. Corporis atque non dolor dolores dolorem. Quo est quam non nihil.', '2012-01-01 23:35:49', '2018-04-14 05:11:16');
INSERT INTO `media` (`id`, `media_type_id`, `user_id`, `file_path`, `size`, `metadata`, `created_at`, `updated_at`) VALUES (47, 6, 47, 'http://kerlukestracke.net/', 0, 'Ut sit quod eos non sed qui aut. Quos voluptate eos ratione officia optio. Molestiae quidem cupiditate aspernatur nihil necessitatibus.', '2013-01-21 21:55:05', '2016-10-23 07:02:45');
INSERT INTO `media` (`id`, `media_type_id`, `user_id`, `file_path`, `size`, `metadata`, `created_at`, `updated_at`) VALUES (48, 5, 48, 'http://www.farrell.net/', 58, 'Nihil aut nesciunt dignissimos dolorem. Consequatur eos sit dolor consectetur nemo. Sequi ut illum nemo sequi perspiciatis. Velit qui enim voluptatem velit tempora aspernatur sint minus.', '2010-06-29 13:51:12', '2016-11-30 21:23:12');
INSERT INTO `media` (`id`, `media_type_id`, `user_id`, `file_path`, `size`, `metadata`, `created_at`, `updated_at`) VALUES (49, 10, 49, 'http://www.cummerataortiz.info/', 5208283, 'Doloribus maxime sed possimus quidem eum labore possimus ea. Enim voluptas aut quis repellat aspernatur reiciendis deserunt ut. Blanditiis vel repudiandae provident hic.', '2017-11-28 08:11:14', '2018-08-04 07:21:13');
INSERT INTO `media` (`id`, `media_type_id`, `user_id`, `file_path`, `size`, `metadata`, `created_at`, `updated_at`) VALUES (50, 5, 50, 'http://nitzschesmitham.org/', 17824525, 'Alias iste nesciunt ut ab. Error fugiat officiis accusamus eum.', '2010-08-12 03:21:48', '2010-12-30 11:57:26');
INSERT INTO `media` (`id`, `media_type_id`, `user_id`, `file_path`, `size`, `metadata`, `created_at`, `updated_at`) VALUES (51, 5, 51, 'http://mayer.biz/', 96372093, 'Qui perspiciatis quidem nihil debitis ut. Eos nulla omnis et totam ex accusamus. Tenetur ab minus repellendus quo magnam.', '2014-08-20 22:25:24', '2018-12-29 04:49:29');
INSERT INTO `media` (`id`, `media_type_id`, `user_id`, `file_path`, `size`, `metadata`, `created_at`, `updated_at`) VALUES (52, 1, 52, 'http://jacobsonboyle.com/', 898509008, 'A totam fugiat quod sequi et. Aut delectus eaque officiis ut. Ipsa qui quasi fuga placeat porro. Sed non sapiente eum autem perspiciatis sed voluptatem.', '2012-01-27 18:13:13', '2010-12-07 10:52:23');
INSERT INTO `media` (`id`, `media_type_id`, `user_id`, `file_path`, `size`, `metadata`, `created_at`, `updated_at`) VALUES (53, 2, 53, 'http://www.rath.org/', 1802, 'Officia nemo tempora enim et nostrum. Quia eum impedit officia est inventore nam. Quia eum exercitationem vel id. Doloremque ratione nesciunt repudiandae.', '2014-04-13 04:11:36', '2016-09-28 02:03:36');
INSERT INTO `media` (`id`, `media_type_id`, `user_id`, `file_path`, `size`, `metadata`, `created_at`, `updated_at`) VALUES (54, 1, 54, 'http://www.johnson.com/', 112220200, 'Porro aut qui corporis aspernatur. Dicta est tenetur minus ut ipsum animi nihil. Aut distinctio velit dolorem soluta.', '2011-04-13 01:30:43', '2012-03-11 11:45:24');
INSERT INTO `media` (`id`, `media_type_id`, `user_id`, `file_path`, `size`, `metadata`, `created_at`, `updated_at`) VALUES (55, 7, 55, 'http://www.hyatt.com/', 524213307, 'Porro maiores occaecati nulla optio mollitia eum qui. Incidunt alias quisquam omnis nam est. Repellat nesciunt non excepturi facilis sed. Eum dolore ipsum quis sunt.', '2012-03-31 20:02:47', '2016-03-03 06:32:37');
INSERT INTO `media` (`id`, `media_type_id`, `user_id`, `file_path`, `size`, `metadata`, `created_at`, `updated_at`) VALUES (56, 9, 56, 'http://www.dubuquereilly.com/', 456, 'Quia reprehenderit et nobis omnis. Qui incidunt architecto voluptatibus. Est in molestias sit repellendus voluptas cupiditate voluptas. Voluptates explicabo accusamus voluptatum ab hic nostrum.', '2019-03-21 14:46:29', '2018-06-12 21:17:05');
INSERT INTO `media` (`id`, `media_type_id`, `user_id`, `file_path`, `size`, `metadata`, `created_at`, `updated_at`) VALUES (57, 3, 57, 'http://medhurst.com/', 627, 'Necessitatibus voluptatem soluta reprehenderit. Soluta explicabo quia quas consequatur nostrum. Blanditiis error et doloremque dolores et distinctio facere neque. Sint tempora maxime iste qui.', '2016-07-08 11:21:34', '2019-04-27 10:47:55');
INSERT INTO `media` (`id`, `media_type_id`, `user_id`, `file_path`, `size`, `metadata`, `created_at`, `updated_at`) VALUES (58, 4, 58, 'http://www.purdy.com/', 1317, 'Libero maxime fugiat dolore soluta voluptatem eos repellat. Rem deleniti enim eum ullam est rerum. Repellat vitae nam aliquam eum voluptatem. Nesciunt odio voluptatem quaerat ex ad nulla ut.', '2011-04-02 16:28:36', '2018-06-16 23:17:08');
INSERT INTO `media` (`id`, `media_type_id`, `user_id`, `file_path`, `size`, `metadata`, `created_at`, `updated_at`) VALUES (59, 7, 59, 'http://ward.com/', 0, 'Ex recusandae corporis labore. Rem impedit optio et sed aliquam ea.', '2020-03-15 13:37:39', '2013-01-07 03:30:19');
INSERT INTO `media` (`id`, `media_type_id`, `user_id`, `file_path`, `size`, `metadata`, `created_at`, `updated_at`) VALUES (60, 2, 60, 'http://bahringer.org/', 0, 'Cupiditate eos laboriosam et. Labore expedita facilis modi vitae quaerat voluptatem cumque et. In nihil rerum qui repudiandae.', '2019-06-08 09:55:11', '2012-06-08 17:43:11');
INSERT INTO `media` (`id`, `media_type_id`, `user_id`, `file_path`, `size`, `metadata`, `created_at`, `updated_at`) VALUES (61, 2, 61, 'http://marvinveum.com/', 83537, 'Cumque quis mollitia nisi unde consectetur assumenda consectetur sit. Dicta quia beatae sapiente velit asperiores iusto et.', '2017-03-13 19:27:55', '2016-02-03 09:41:29');
INSERT INTO `media` (`id`, `media_type_id`, `user_id`, `file_path`, `size`, `metadata`, `created_at`, `updated_at`) VALUES (62, 8, 62, 'http://wymanherzog.org/', 5411, 'Cum rerum quaerat temporibus. Harum ipsa modi aut deleniti. Praesentium nulla nihil vel provident minus quas. Cumque a commodi occaecati autem molestias sint.', '2019-03-19 03:14:51', '2010-07-17 16:19:42');
INSERT INTO `media` (`id`, `media_type_id`, `user_id`, `file_path`, `size`, `metadata`, `created_at`, `updated_at`) VALUES (63, 9, 63, 'http://jaskolski.com/', 95579644, 'Ipsa qui omnis consequuntur et rerum voluptate qui magnam. Id nihil facere et. Numquam laudantium rerum dolorum autem consectetur eaque. Magnam et et quod.', '2010-11-07 08:46:44', '2019-09-18 09:51:07');
INSERT INTO `media` (`id`, `media_type_id`, `user_id`, `file_path`, `size`, `metadata`, `created_at`, `updated_at`) VALUES (64, 2, 64, 'http://gloverrenner.com/', 69, 'Rerum eos nisi consequatur libero voluptas. Quia quo repellendus rerum ut occaecati. Sit sed quaerat fuga pariatur.', '2018-02-07 20:48:04', '2018-06-15 06:53:58');
INSERT INTO `media` (`id`, `media_type_id`, `user_id`, `file_path`, `size`, `metadata`, `created_at`, `updated_at`) VALUES (65, 3, 65, 'http://cormierkilback.com/', 9052, 'Eligendi nisi id officiis et sint. Ut et vitae sunt sequi ut aut quia accusantium. Natus totam harum enim velit aliquam molestiae aspernatur.', '2013-05-01 01:27:00', '2016-07-06 03:27:15');
INSERT INTO `media` (`id`, `media_type_id`, `user_id`, `file_path`, `size`, `metadata`, `created_at`, `updated_at`) VALUES (66, 7, 66, 'http://www.lehner.com/', 828475698, 'Porro non eos magnam nobis illum omnis minus. Excepturi modi amet nihil ut. Odit dicta quia sed quibusdam. Sapiente vel omnis soluta eos.', '2018-03-08 17:23:50', '2018-01-03 22:38:31');
INSERT INTO `media` (`id`, `media_type_id`, `user_id`, `file_path`, `size`, `metadata`, `created_at`, `updated_at`) VALUES (67, 4, 67, 'http://www.nolanspinka.com/', 16728762, 'Illo maiores dolor et ex illo. Nobis officia ut exercitationem voluptatem a. Placeat occaecati ut iste optio dolorem. Ad nemo aliquid eaque quis ab et.', '2012-09-11 14:37:25', '2013-01-17 19:53:01');
INSERT INTO `media` (`id`, `media_type_id`, `user_id`, `file_path`, `size`, `metadata`, `created_at`, `updated_at`) VALUES (68, 3, 68, 'http://www.donnelly.com/', 135951794, 'Excepturi molestiae perspiciatis et est eos sequi neque. Natus nostrum voluptate sit non ut.', '2015-12-10 06:40:20', '2011-07-12 21:53:34');
INSERT INTO `media` (`id`, `media_type_id`, `user_id`, `file_path`, `size`, `metadata`, `created_at`, `updated_at`) VALUES (69, 6, 69, 'http://www.batzjohns.com/', 935, 'Ab voluptate fugiat iure ut odit. Dolore consequatur ut in sed sint fugiat qui. Ut repudiandae modi facere velit eos qui aspernatur accusantium.', '2018-11-01 01:12:36', '2018-01-07 16:05:28');
INSERT INTO `media` (`id`, `media_type_id`, `user_id`, `file_path`, `size`, `metadata`, `created_at`, `updated_at`) VALUES (70, 5, 70, 'http://heaney.net/', 6, 'Vero sequi ad dolor officia eos saepe est. Porro tempora maxime illum facilis impedit rerum. A eum harum alias ullam quia culpa iure. Culpa sunt perspiciatis cum numquam optio nihil non.', '2015-06-27 21:26:54', '2020-01-20 05:30:52');
INSERT INTO `media` (`id`, `media_type_id`, `user_id`, `file_path`, `size`, `metadata`, `created_at`, `updated_at`) VALUES (71, 9, 71, 'http://www.miller.org/', 55168, 'Magni saepe est aperiam quia. Quod laudantium sapiente vero est qui consequatur aut nobis. Unde labore voluptate et nihil.', '2016-06-16 08:51:34', '2012-05-17 09:22:48');
INSERT INTO `media` (`id`, `media_type_id`, `user_id`, `file_path`, `size`, `metadata`, `created_at`, `updated_at`) VALUES (72, 5, 72, 'http://www.hand.com/', 2135054, 'Recusandae aut eos quae nisi est aut. Ad est dolores perferendis quis et in aliquam. Voluptatem nisi sequi labore est ea.', '2015-07-11 00:52:36', '2017-11-29 17:03:09');
INSERT INTO `media` (`id`, `media_type_id`, `user_id`, `file_path`, `size`, `metadata`, `created_at`, `updated_at`) VALUES (73, 2, 73, 'http://www.lockman.com/', 88242, 'Quis voluptas illum minus veniam dolores velit cupiditate. Quas quas voluptatem nobis sunt consequatur. Suscipit quasi atque sapiente id dolor.', '2017-02-11 13:18:05', '2020-03-05 17:16:16');
INSERT INTO `media` (`id`, `media_type_id`, `user_id`, `file_path`, `size`, `metadata`, `created_at`, `updated_at`) VALUES (74, 6, 74, 'http://langosh.net/', 66880636, 'Labore eum quia et. Unde eos quae consequuntur numquam. Dolor animi pariatur voluptas totam. Quibusdam qui aut eaque numquam in est sit sint.', '2016-10-23 15:57:11', '2014-12-30 18:20:38');
INSERT INTO `media` (`id`, `media_type_id`, `user_id`, `file_path`, `size`, `metadata`, `created_at`, `updated_at`) VALUES (75, 10, 75, 'http://ankundingkihn.info/', 48637882, 'Minima eaque dolorem ullam sunt. Omnis eaque necessitatibus eaque aut totam. Qui enim facere explicabo quia. Placeat voluptatem cupiditate distinctio quaerat.', '2010-06-26 11:11:09', '2014-07-11 10:33:51');
INSERT INTO `media` (`id`, `media_type_id`, `user_id`, `file_path`, `size`, `metadata`, `created_at`, `updated_at`) VALUES (76, 1, 76, 'http://aufderhar.com/', 79099, 'Aperiam placeat minus et sed repudiandae. Expedita quia aspernatur laudantium. Similique explicabo rerum placeat non culpa eaque. Voluptatem non sint illum sit.', '2010-04-11 22:05:44', '2016-09-15 04:08:42');
INSERT INTO `media` (`id`, `media_type_id`, `user_id`, `file_path`, `size`, `metadata`, `created_at`, `updated_at`) VALUES (77, 5, 77, 'http://www.bodegerhold.net/', 222834, 'Placeat vitae minus exercitationem. Est delectus est harum delectus qui facilis qui. Cumque aspernatur et ipsam non corporis.', '2015-03-11 13:30:26', '2013-03-30 06:20:26');
INSERT INTO `media` (`id`, `media_type_id`, `user_id`, `file_path`, `size`, `metadata`, `created_at`, `updated_at`) VALUES (78, 2, 78, 'http://schulist.com/', 6445, 'Ratione nostrum ipsam laborum omnis aut aut ipsa. Quia adipisci autem labore voluptatem. Ducimus autem qui quia vero aperiam vitae.', '2010-09-07 15:54:46', '2011-02-22 20:18:11');
INSERT INTO `media` (`id`, `media_type_id`, `user_id`, `file_path`, `size`, `metadata`, `created_at`, `updated_at`) VALUES (79, 4, 79, 'http://torp.com/', 8, 'Error commodi omnis totam qui dolorum. Sed eveniet ea at odit. Numquam qui esse doloribus et sapiente. Officiis harum impedit ea omnis esse.', '2017-09-06 13:00:51', '2010-09-23 02:24:51');
INSERT INTO `media` (`id`, `media_type_id`, `user_id`, `file_path`, `size`, `metadata`, `created_at`, `updated_at`) VALUES (80, 2, 80, 'http://quigleyhowe.net/', 900, 'Quam ea est voluptatum omnis qui neque beatae. Quis quaerat vel ea suscipit consequatur aliquam. Dolorem et possimus provident tempora reprehenderit. Veritatis odit repellat ut ab labore eos dolor.', '2014-10-01 01:09:31', '2017-02-24 12:10:13');
INSERT INTO `media` (`id`, `media_type_id`, `user_id`, `file_path`, `size`, `metadata`, `created_at`, `updated_at`) VALUES (81, 1, 81, 'http://weissnat.org/', 565, 'Laudantium veniam hic dolore maxime. Corrupti cumque in excepturi quod ex ea minima.', '2016-10-22 06:02:57', '2011-10-25 19:46:39');
INSERT INTO `media` (`id`, `media_type_id`, `user_id`, `file_path`, `size`, `metadata`, `created_at`, `updated_at`) VALUES (82, 2, 82, 'http://www.doylegerhold.biz/', 358588, 'Distinctio iure dolor nostrum voluptas suscipit aliquam nesciunt. Voluptas tempora deleniti quo assumenda corrupti sit.', '2018-10-19 10:38:46', '2015-07-14 06:20:27');
INSERT INTO `media` (`id`, `media_type_id`, `user_id`, `file_path`, `size`, `metadata`, `created_at`, `updated_at`) VALUES (83, 10, 83, 'http://www.rolfson.com/', 35, 'Quasi qui laborum similique et. Recusandae itaque ut aut qui fugiat. Quod eos velit et odio cupiditate. Inventore doloribus et aut qui et recusandae.', '2010-05-21 19:54:45', '2014-02-17 04:14:55');
INSERT INTO `media` (`id`, `media_type_id`, `user_id`, `file_path`, `size`, `metadata`, `created_at`, `updated_at`) VALUES (84, 5, 84, 'http://carroll.com/', 7394738, 'Vel minima est sit non. Nam sit consequatur incidunt nisi accusamus. Sapiente nam voluptatem esse et quaerat. Cupiditate ex quae ipsum ut accusantium quidem beatae.', '2014-11-12 23:26:55', '2018-07-31 15:51:05');
INSERT INTO `media` (`id`, `media_type_id`, `user_id`, `file_path`, `size`, `metadata`, `created_at`, `updated_at`) VALUES (85, 7, 85, 'http://blanda.com/', 872, 'Nam fugit repellendus illo ut. Culpa enim quia ullam velit soluta. Commodi illum quae nemo totam. Et laborum ea omnis consequatur aut.', '2016-11-19 18:40:21', '2014-04-01 00:09:20');
INSERT INTO `media` (`id`, `media_type_id`, `user_id`, `file_path`, `size`, `metadata`, `created_at`, `updated_at`) VALUES (86, 6, 86, 'http://www.steuber.com/', 890, 'Aut nihil velit est possimus. Expedita nihil sed natus quod accusantium aut id. Et qui quas rerum enim et. Reiciendis dolor consequatur eius harum voluptatem quo rerum.', '2012-11-12 04:32:18', '2017-10-15 15:43:50');
INSERT INTO `media` (`id`, `media_type_id`, `user_id`, `file_path`, `size`, `metadata`, `created_at`, `updated_at`) VALUES (87, 5, 87, 'http://www.powlowski.com/', 0, 'Iste deleniti nulla corporis. Voluptas quisquam est nihil facere fugiat eveniet. Corrupti accusamus molestiae veniam quisquam ut aut perferendis.', '2020-02-09 10:53:44', '2010-08-04 12:33:08');
INSERT INTO `media` (`id`, `media_type_id`, `user_id`, `file_path`, `size`, `metadata`, `created_at`, `updated_at`) VALUES (88, 9, 88, 'http://www.stehr.com/', 0, 'Sapiente ut voluptates saepe id exercitationem. Voluptate ipsum praesentium et voluptatem enim. Eum sed facere quia est. Placeat quis vel dolor doloremque.', '2011-09-01 01:01:22', '2015-11-27 22:13:51');
INSERT INTO `media` (`id`, `media_type_id`, `user_id`, `file_path`, `size`, `metadata`, `created_at`, `updated_at`) VALUES (89, 1, 89, 'http://hilll.com/', 27771, 'Voluptatem enim quis labore qui. Ea veritatis nostrum debitis sed vitae eveniet qui. Beatae consequatur ad voluptatum placeat optio est.', '2013-12-12 17:54:34', '2011-11-12 07:57:58');
INSERT INTO `media` (`id`, `media_type_id`, `user_id`, `file_path`, `size`, `metadata`, `created_at`, `updated_at`) VALUES (90, 8, 90, 'http://runolfsdottir.com/', 41, 'Delectus est quisquam sit consequatur. Autem veritatis optio ut voluptate maxime. Nulla dignissimos quia beatae odit non autem.', '2019-09-20 02:45:17', '2018-04-05 18:54:35');
INSERT INTO `media` (`id`, `media_type_id`, `user_id`, `file_path`, `size`, `metadata`, `created_at`, `updated_at`) VALUES (91, 9, 91, 'http://zulauf.com/', 996419, 'Quis doloremque officia architecto sed sed. Non id sit optio atque quod ipsam. Est excepturi nobis autem totam. Quia eum aut sint ad eius eos ipsum.', '2016-11-29 13:37:19', '2013-01-06 12:18:19');
INSERT INTO `media` (`id`, `media_type_id`, `user_id`, `file_path`, `size`, `metadata`, `created_at`, `updated_at`) VALUES (92, 6, 92, 'http://sipeshilll.biz/', 0, 'Voluptatum consequatur quam minima sed non ipsam ea. Mollitia qui ducimus voluptatibus. Ea facilis itaque dolor ut. Autem eligendi qui provident omnis.', '2011-10-13 14:56:26', '2012-11-09 07:48:52');
INSERT INTO `media` (`id`, `media_type_id`, `user_id`, `file_path`, `size`, `metadata`, `created_at`, `updated_at`) VALUES (93, 5, 93, 'http://mitchell.org/', 6210989, 'Dolor vel reiciendis est tempora nostrum. Qui nobis commodi est. Voluptate non est aliquid eveniet minima dolorem dolorem. Saepe et omnis laudantium.', '2012-12-18 14:07:29', '2010-04-27 01:24:11');
INSERT INTO `media` (`id`, `media_type_id`, `user_id`, `file_path`, `size`, `metadata`, `created_at`, `updated_at`) VALUES (94, 3, 94, 'http://www.bechtelar.biz/', 0, 'Consequatur repellat distinctio voluptas voluptas assumenda accusantium id quo. Exercitationem est harum qui. Consectetur sed atque ducimus. Et ut totam quis dolores est est.', '2017-12-24 07:12:51', '2018-12-30 00:57:47');
INSERT INTO `media` (`id`, `media_type_id`, `user_id`, `file_path`, `size`, `metadata`, `created_at`, `updated_at`) VALUES (95, 7, 95, 'http://www.kutchwilliamson.org/', 3, 'Dolorem hic harum rerum necessitatibus rerum hic expedita. Cupiditate voluptatum in non nostrum molestias voluptas dolores. Aut et et voluptatem et. Nostrum ut sint quo fugit. Omnis eum ad aut.', '2019-03-19 17:48:52', '2016-06-06 13:14:15');
INSERT INTO `media` (`id`, `media_type_id`, `user_id`, `file_path`, `size`, `metadata`, `created_at`, `updated_at`) VALUES (96, 2, 96, 'http://www.dickinsonhayes.com/', 620, 'Dolor iste maiores enim enim excepturi at aut. Sapiente voluptas quia ipsa enim dolore. Qui totam accusantium debitis at.', '2019-12-28 08:26:04', '2011-01-30 01:27:29');
INSERT INTO `media` (`id`, `media_type_id`, `user_id`, `file_path`, `size`, `metadata`, `created_at`, `updated_at`) VALUES (97, 7, 97, 'http://www.bednarbartoletti.com/', 37903, 'Placeat a illum quod assumenda ducimus. Minus eos nemo officia blanditiis. In possimus reprehenderit dolorum excepturi voluptatibus quasi non. Non alias molestiae ut aspernatur.', '2012-04-06 10:53:47', '2017-10-17 07:50:59');
INSERT INTO `media` (`id`, `media_type_id`, `user_id`, `file_path`, `size`, `metadata`, `created_at`, `updated_at`) VALUES (98, 5, 98, 'http://www.homenickwuckert.com/', 5, 'Excepturi repudiandae hic accusamus commodi voluptatem. Qui qui et quis eum. Molestiae perspiciatis aut voluptatibus quia quia.', '2018-05-02 16:12:25', '2019-03-26 11:17:52');
INSERT INTO `media` (`id`, `media_type_id`, `user_id`, `file_path`, `size`, `metadata`, `created_at`, `updated_at`) VALUES (99, 2, 99, 'http://thompsonnitzsche.com/', 3, 'Non aut quos et. Eos sint qui nisi consequuntur sed in. Dicta dolor omnis voluptas rerum distinctio minus. Cum enim et officiis laborum.', '2015-08-10 17:05:54', '2016-08-12 20:35:20');
INSERT INTO `media` (`id`, `media_type_id`, `user_id`, `file_path`, `size`, `metadata`, `created_at`, `updated_at`) VALUES (100, 2, 100, 'http://www.stroman.info/', 6275825, 'Vel eveniet et dolor quas repellat molestias. Dolore maiores officia ut ipsam qui qui. Dolorum eius aut numquam illo molestias molestias.', '2017-01-31 01:07:53', '2019-04-02 13:06:06');


#
# TABLE STRUCTURE FOR: media_types
#

DROP TABLE IF EXISTS `media_types`;

CREATE TABLE `media_types` (
  `id` int(10) unsigned NOT NULL AUTO_INCREMENT,
  `name` varchar(255) COLLATE utf8_unicode_ci NOT NULL,
  PRIMARY KEY (`id`),
  UNIQUE KEY `name` (`name`)
) ENGINE=InnoDB AUTO_INCREMENT=11 DEFAULT CHARSET=utf8 COLLATE=utf8_unicode_ci;

INSERT INTO `media_types` (`id`, `name`) VALUES (7, 'application/vnd.lotus-freelance');
INSERT INTO `media_types` (`id`, `name`) VALUES (9, 'application/vnd.syncml+xml');
INSERT INTO `media_types` (`id`, `name`) VALUES (10, 'application/vnd.triscape.mxs');
INSERT INTO `media_types` (`id`, `name`) VALUES (6, 'application/x-glulx');
INSERT INTO `media_types` (`id`, `name`) VALUES (4, 'application/xml-dtd');
INSERT INTO `media_types` (`id`, `name`) VALUES (1, 'image/vnd.dece.graphic');
INSERT INTO `media_types` (`id`, `name`) VALUES (2, 'model/mesh');
INSERT INTO `media_types` (`id`, `name`) VALUES (8, 'text/calendar');
INSERT INTO `media_types` (`id`, `name`) VALUES (5, 'text/x-opml');
INSERT INTO `media_types` (`id`, `name`) VALUES (3, 'video/x-m4v');


#
# TABLE STRUCTURE FOR: messages
#

DROP TABLE IF EXISTS `messages`;

CREATE TABLE `messages` (
  `id` int(10) unsigned NOT NULL AUTO_INCREMENT,
  `from_user_id` int(10) unsigned NOT NULL,
  `to_user_id` int(10) unsigned NOT NULL,
  `body` text COLLATE utf8_unicode_ci NOT NULL,
  `is_important` tinyint(1) DEFAULT NULL,
  `is_delivered` tinyint(1) DEFAULT NULL,
  `created_at` datetime DEFAULT current_timestamp(),
  PRIMARY KEY (`id`)
) ENGINE=InnoDB AUTO_INCREMENT=101 DEFAULT CHARSET=utf8 COLLATE=utf8_unicode_ci;

INSERT INTO `messages` (`id`, `from_user_id`, `to_user_id`, `body`, `is_important`, `is_delivered`, `created_at`) VALUES (1, 74, 43, 'Voluptatem rerum eaque est ratione quia reiciendis. Deleniti sapiente earum quos. Quo molestiae aperiam laudantium ullam suscipit.', 0, 1, '2011-02-03 18:06:01');
INSERT INTO `messages` (`id`, `from_user_id`, `to_user_id`, `body`, `is_important`, `is_delivered`, `created_at`) VALUES (2, 73, 85, 'Consequuntur laborum magni recusandae dolores atque neque. Architecto doloribus laudantium molestias esse aut consequatur quibusdam.', 0, 1, '2010-11-11 13:09:41');
INSERT INTO `messages` (`id`, `from_user_id`, `to_user_id`, `body`, `is_important`, `is_delivered`, `created_at`) VALUES (3, 30, 79, 'Doloremque molestiae praesentium exercitationem quas ut. Iure quam animi omnis exercitationem ipsam debitis vitae. Hic unde eligendi odio odio quo. Nisi fugit ea nobis tenetur aliquam placeat vel.', 0, 0, '2017-01-08 07:19:32');
INSERT INTO `messages` (`id`, `from_user_id`, `to_user_id`, `body`, `is_important`, `is_delivered`, `created_at`) VALUES (4, 36, 30, 'Recusandae voluptatibus aut aut nihil molestiae perferendis cum. Aliquid consequatur expedita ex. Alias quaerat porro ut. Cumque velit accusamus eveniet esse molestiae rerum.', 0, 0, '2019-04-06 10:48:30');
INSERT INTO `messages` (`id`, `from_user_id`, `to_user_id`, `body`, `is_important`, `is_delivered`, `created_at`) VALUES (5, 11, 98, 'Dicta ut eligendi quae accusantium. Suscipit dolor officiis blanditiis sint velit distinctio nemo. Molestiae ut quis in facilis et. Eos enim quod a quos dolor enim eum.', 0, 1, '2013-11-03 02:21:54');
INSERT INTO `messages` (`id`, `from_user_id`, `to_user_id`, `body`, `is_important`, `is_delivered`, `created_at`) VALUES (6, 1, 62, 'Eum in hic quis iste. Consequatur et qui voluptatibus ab. Vel inventore ratione earum sapiente minus sequi.', 1, 1, '2011-05-31 05:57:39');
INSERT INTO `messages` (`id`, `from_user_id`, `to_user_id`, `body`, `is_important`, `is_delivered`, `created_at`) VALUES (7, 92, 75, 'Maiores aut exercitationem in dolores est vel ad. Et aut qui laborum ut voluptas quam autem. Totam et nulla atque minima molestiae ut aut impedit. Sed autem est eius ducimus qui doloremque ut.', 0, 0, '2018-03-17 10:45:39');
INSERT INTO `messages` (`id`, `from_user_id`, `to_user_id`, `body`, `is_important`, `is_delivered`, `created_at`) VALUES (8, 35, 30, 'Necessitatibus voluptas consequuntur dolorem earum qui. Sint recusandae doloribus consectetur harum dolores. Provident atque inventore quo ratione sed incidunt.', 1, 0, '2012-09-18 06:40:42');
INSERT INTO `messages` (`id`, `from_user_id`, `to_user_id`, `body`, `is_important`, `is_delivered`, `created_at`) VALUES (9, 49, 29, 'Nesciunt quidem dignissimos officiis dicta eaque enim est. Similique rerum autem rem assumenda. Voluptas dolores cum provident modi aut. Esse ad ex occaecati ipsa.', 0, 0, '2018-10-05 22:23:29');
INSERT INTO `messages` (`id`, `from_user_id`, `to_user_id`, `body`, `is_important`, `is_delivered`, `created_at`) VALUES (10, 53, 18, 'Sed maiores vel est voluptatem reprehenderit. Quia quam ut quis consectetur. Nihil porro sequi corporis iure. Sunt voluptatem voluptas qui est aperiam.', 1, 1, '2011-09-30 11:45:04');
INSERT INTO `messages` (`id`, `from_user_id`, `to_user_id`, `body`, `is_important`, `is_delivered`, `created_at`) VALUES (11, 36, 57, 'Facere a possimus aliquid quasi. Voluptate voluptatem consequuntur ut minima. Odio autem culpa aut laboriosam iusto quia molestiae. Deserunt soluta reprehenderit pariatur eius occaecati alias.', 1, 0, '2018-12-23 06:59:11');
INSERT INTO `messages` (`id`, `from_user_id`, `to_user_id`, `body`, `is_important`, `is_delivered`, `created_at`) VALUES (12, 87, 77, 'Laboriosam ut sunt sed. Nam possimus molestias molestiae minima deserunt voluptas facere minima. Autem excepturi nulla voluptatem vitae.', 1, 1, '2014-07-16 12:20:43');
INSERT INTO `messages` (`id`, `from_user_id`, `to_user_id`, `body`, `is_important`, `is_delivered`, `created_at`) VALUES (13, 39, 73, 'Rerum autem iusto et non sint voluptate voluptate rerum. Nihil esse ut quam rerum id. Adipisci vel deleniti quae. Corporis ducimus voluptatem laborum id.', 0, 1, '2012-04-04 02:41:32');
INSERT INTO `messages` (`id`, `from_user_id`, `to_user_id`, `body`, `is_important`, `is_delivered`, `created_at`) VALUES (14, 35, 53, 'Consectetur voluptatibus voluptate doloremque velit. Quia repellendus sit rerum nobis. Debitis consequatur corrupti aliquam praesentium et.', 1, 0, '2015-01-04 18:41:48');
INSERT INTO `messages` (`id`, `from_user_id`, `to_user_id`, `body`, `is_important`, `is_delivered`, `created_at`) VALUES (15, 96, 5, 'Saepe et quo ut ut minima distinctio qui. Rerum quisquam dicta et. Distinctio ipsam eveniet repellat reprehenderit. Maiores cupiditate eaque praesentium velit quia.', 0, 1, '2019-05-10 17:24:40');
INSERT INTO `messages` (`id`, `from_user_id`, `to_user_id`, `body`, `is_important`, `is_delivered`, `created_at`) VALUES (16, 45, 32, 'Qui repudiandae corporis in ipsum enim. Neque sed hic facere. Ex rerum eaque sint cum cum blanditiis magnam dolores. Voluptas quo id neque nihil aut facere et.', 0, 1, '2011-04-13 03:31:49');
INSERT INTO `messages` (`id`, `from_user_id`, `to_user_id`, `body`, `is_important`, `is_delivered`, `created_at`) VALUES (17, 17, 31, 'Nisi error ab nam et et et nihil. Dolor quis voluptate nulla et. Facere nulla nesciunt voluptas. Quia exercitationem ut eveniet.', 1, 0, '2019-12-22 08:19:07');
INSERT INTO `messages` (`id`, `from_user_id`, `to_user_id`, `body`, `is_important`, `is_delivered`, `created_at`) VALUES (18, 95, 43, 'Quae ut omnis dolor dolor sit. Aut neque porro nihil officiis ab quam. Doloribus vel temporibus quo et quo ipsam est. Fugiat rerum ut voluptatem ut.', 0, 0, '2013-07-13 04:30:09');
INSERT INTO `messages` (`id`, `from_user_id`, `to_user_id`, `body`, `is_important`, `is_delivered`, `created_at`) VALUES (19, 18, 10, 'Atque qui aut commodi rerum sint deserunt accusamus nostrum. Ut dolores mollitia qui aspernatur placeat tenetur soluta earum. Ex quas animi cupiditate nam voluptatem placeat ut veniam. Animi incidunt consequatur voluptatem accusamus.', 0, 0, '2020-02-06 14:37:39');
INSERT INTO `messages` (`id`, `from_user_id`, `to_user_id`, `body`, `is_important`, `is_delivered`, `created_at`) VALUES (20, 87, 88, 'Recusandae vel odit doloremque et fugiat aut. Officia blanditiis odit hic ut eveniet doloribus aspernatur soluta. Aut vitae sequi explicabo dolores quae voluptas accusantium.', 0, 0, '2012-04-11 17:27:45');
INSERT INTO `messages` (`id`, `from_user_id`, `to_user_id`, `body`, `is_important`, `is_delivered`, `created_at`) VALUES (21, 52, 84, 'Beatae odit aut laboriosam eos a. Minima vel quis ex quibusdam. Dolore odio aut quia consequuntur. Consequuntur dignissimos autem voluptatibus eligendi qui beatae et.', 1, 0, '2015-12-15 16:15:03');
INSERT INTO `messages` (`id`, `from_user_id`, `to_user_id`, `body`, `is_important`, `is_delivered`, `created_at`) VALUES (22, 87, 38, 'Alias repellat dolore in dolorum. Voluptate quas velit sit voluptatibus ullam a et. Nam qui et et iure recusandae.', 0, 1, '2013-09-14 08:21:35');
INSERT INTO `messages` (`id`, `from_user_id`, `to_user_id`, `body`, `is_important`, `is_delivered`, `created_at`) VALUES (23, 38, 95, 'Explicabo recusandae recusandae voluptatum quaerat. Eum sit laboriosam eius id quis. Eius dolor facilis molestias in.', 1, 0, '2014-06-20 22:27:38');
INSERT INTO `messages` (`id`, `from_user_id`, `to_user_id`, `body`, `is_important`, `is_delivered`, `created_at`) VALUES (24, 89, 41, 'Tenetur eligendi culpa quia omnis in quae a magnam. Minima magni illum neque. Tempore fugiat dolorem et quaerat earum autem vero. Tenetur sint sit mollitia qui laboriosam et delectus animi.', 0, 0, '2010-06-17 06:55:28');
INSERT INTO `messages` (`id`, `from_user_id`, `to_user_id`, `body`, `is_important`, `is_delivered`, `created_at`) VALUES (25, 44, 21, 'Fuga vitae iure voluptate dignissimos eos. Quis ut voluptas nemo ullam excepturi incidunt. Corrupti placeat ad aliquam non est aut. Eum architecto ad reiciendis ex id voluptas saepe.', 0, 0, '2019-11-20 10:07:15');
INSERT INTO `messages` (`id`, `from_user_id`, `to_user_id`, `body`, `is_important`, `is_delivered`, `created_at`) VALUES (26, 60, 6, 'Veniam et libero ipsam quas at voluptas ex. Laudantium quia quae esse explicabo. Totam officiis non nihil. Qui fuga vero ratione ea sequi id.', 1, 0, '2015-01-08 08:11:39');
INSERT INTO `messages` (`id`, `from_user_id`, `to_user_id`, `body`, `is_important`, `is_delivered`, `created_at`) VALUES (27, 24, 81, 'Dolorem quisquam quis aut quo. Odit quis inventore quo illo earum voluptatem commodi eum. Unde minima quam similique magni.', 0, 1, '2012-10-22 11:05:54');
INSERT INTO `messages` (`id`, `from_user_id`, `to_user_id`, `body`, `is_important`, `is_delivered`, `created_at`) VALUES (28, 74, 58, 'A a dolor vero quo fugiat dignissimos. Error earum veniam iste itaque. Ullam temporibus exercitationem et recusandae saepe.', 0, 0, '2011-07-19 17:50:27');
INSERT INTO `messages` (`id`, `from_user_id`, `to_user_id`, `body`, `is_important`, `is_delivered`, `created_at`) VALUES (29, 30, 31, 'Et est perspiciatis omnis sapiente. Fugit qui pariatur atque voluptas eligendi expedita rerum. Voluptatem et maiores necessitatibus velit.', 0, 1, '2016-12-05 05:48:33');
INSERT INTO `messages` (`id`, `from_user_id`, `to_user_id`, `body`, `is_important`, `is_delivered`, `created_at`) VALUES (30, 81, 55, 'Perferendis eos consequuntur sed consequuntur nihil qui quo. Sit qui iusto eaque ut voluptas vel. Quam sed animi suscipit ea quasi consectetur. Pariatur ipsum dolores adipisci alias saepe dolorem maiores.', 1, 0, '2010-04-28 04:28:29');
INSERT INTO `messages` (`id`, `from_user_id`, `to_user_id`, `body`, `is_important`, `is_delivered`, `created_at`) VALUES (31, 10, 71, 'Odit voluptas sit itaque voluptatibus sint quasi qui. Sequi libero sunt quibusdam est unde. Voluptatem dolorem officiis libero ea ut deleniti hic velit.', 0, 0, '2015-02-20 09:43:57');
INSERT INTO `messages` (`id`, `from_user_id`, `to_user_id`, `body`, `is_important`, `is_delivered`, `created_at`) VALUES (32, 55, 14, 'Vero ad sunt cum quia natus. Ut sint sed sit debitis possimus et voluptas qui. Quisquam vitae unde error nihil sapiente. Rerum autem nemo aut est saepe velit ea.', 0, 0, '2019-11-15 01:08:38');
INSERT INTO `messages` (`id`, `from_user_id`, `to_user_id`, `body`, `is_important`, `is_delivered`, `created_at`) VALUES (33, 96, 89, 'Voluptatem eaque sunt voluptas eligendi velit quaerat. Ipsum illo a voluptate recusandae placeat dolores placeat. Non et omnis quia quam quos aut aut. Voluptas aut quis corrupti provident tempore reiciendis sed.', 0, 0, '2014-09-30 01:20:49');
INSERT INTO `messages` (`id`, `from_user_id`, `to_user_id`, `body`, `is_important`, `is_delivered`, `created_at`) VALUES (34, 35, 59, 'Et ut optio magnam et qui. Fugiat quasi quaerat eveniet voluptatem nam voluptatem. Culpa sed aut natus id.', 1, 0, '2016-11-28 04:39:22');
INSERT INTO `messages` (`id`, `from_user_id`, `to_user_id`, `body`, `is_important`, `is_delivered`, `created_at`) VALUES (35, 82, 100, 'Nulla optio tempore tempore quod quo beatae. Doloremque quam ea quisquam repellat voluptatum. Et aut in minima provident voluptatem.', 0, 0, '2018-11-27 04:47:56');
INSERT INTO `messages` (`id`, `from_user_id`, `to_user_id`, `body`, `is_important`, `is_delivered`, `created_at`) VALUES (36, 57, 14, 'Repudiandae cupiditate aliquam illum minus iste. Voluptatem illo doloribus sunt quis aliquam illo. Placeat quod perspiciatis autem rerum recusandae expedita asperiores. Aut minus quasi eveniet quis incidunt ut.', 1, 0, '2010-08-11 10:01:19');
INSERT INTO `messages` (`id`, `from_user_id`, `to_user_id`, `body`, `is_important`, `is_delivered`, `created_at`) VALUES (37, 53, 12, 'Ut autem ea vero molestias qui aut. Est deleniti rerum assumenda molestias reprehenderit.', 0, 0, '2011-04-03 04:55:52');
INSERT INTO `messages` (`id`, `from_user_id`, `to_user_id`, `body`, `is_important`, `is_delivered`, `created_at`) VALUES (38, 88, 91, 'Dolorem quisquam quos veniam explicabo pariatur rerum laboriosam. Enim cum reprehenderit ipsum ut. Eveniet vitae earum alias fuga. Minima tempora officia possimus delectus omnis.', 1, 0, '2015-09-25 16:31:03');
INSERT INTO `messages` (`id`, `from_user_id`, `to_user_id`, `body`, `is_important`, `is_delivered`, `created_at`) VALUES (39, 40, 63, 'Et alias voluptatem officia dolorem. Rem eos architecto natus magnam vitae. Et ipsam fugiat exercitationem quia.', 0, 1, '2014-09-26 02:42:33');
INSERT INTO `messages` (`id`, `from_user_id`, `to_user_id`, `body`, `is_important`, `is_delivered`, `created_at`) VALUES (40, 19, 85, 'Alias hic incidunt voluptatem non beatae. Corrupti vel praesentium libero perspiciatis id aut. Eum et vel velit maxime. Blanditiis sint asperiores iusto.', 1, 0, '2015-01-11 10:00:21');
INSERT INTO `messages` (`id`, `from_user_id`, `to_user_id`, `body`, `is_important`, `is_delivered`, `created_at`) VALUES (41, 67, 34, 'Quibusdam quae distinctio eos voluptatibus at aut laboriosam consequatur. Sunt nisi quaerat tempore possimus. Harum qui aut nemo velit ut vero est facere.', 1, 0, '2016-02-11 20:00:57');
INSERT INTO `messages` (`id`, `from_user_id`, `to_user_id`, `body`, `is_important`, `is_delivered`, `created_at`) VALUES (42, 71, 36, 'Qui ducimus sit odit. Maxime est voluptas autem iste quidem. Ut quia dolores vero.', 0, 0, '2016-12-24 16:27:20');
INSERT INTO `messages` (`id`, `from_user_id`, `to_user_id`, `body`, `is_important`, `is_delivered`, `created_at`) VALUES (43, 39, 12, 'Repellat explicabo quis magnam esse doloribus. Qui ut ea officia sit voluptatibus voluptatem. Eligendi qui quasi earum eaque est veritatis. Iure nobis excepturi officiis numquam.', 1, 1, '2010-11-05 01:17:12');
INSERT INTO `messages` (`id`, `from_user_id`, `to_user_id`, `body`, `is_important`, `is_delivered`, `created_at`) VALUES (44, 47, 82, 'Consequatur dolore nostrum dolore. Culpa eius tenetur enim placeat at dolor natus. Aut eum optio quaerat optio animi.', 1, 1, '2012-11-27 21:53:14');
INSERT INTO `messages` (`id`, `from_user_id`, `to_user_id`, `body`, `is_important`, `is_delivered`, `created_at`) VALUES (45, 11, 95, 'Ea consequuntur neque modi enim consequatur. Tempora quam amet beatae et explicabo dolorem. Ipsam aut rem et eligendi doloremque. Praesentium pariatur repellat quidem eum unde quaerat sit.', 0, 1, '2015-04-07 11:41:27');
INSERT INTO `messages` (`id`, `from_user_id`, `to_user_id`, `body`, `is_important`, `is_delivered`, `created_at`) VALUES (46, 8, 33, 'Corporis sint reiciendis possimus similique veritatis delectus et. Sit quia illo sit harum animi assumenda recusandae. Corrupti ad in quod aut mollitia natus. Consectetur mollitia consequatur consequatur ducimus esse non.', 0, 0, '2019-10-22 23:58:19');
INSERT INTO `messages` (`id`, `from_user_id`, `to_user_id`, `body`, `is_important`, `is_delivered`, `created_at`) VALUES (47, 100, 5, 'Magnam dolorem aliquid harum et iure. Incidunt quia omnis doloribus maiores sit. Blanditiis dolorum culpa delectus dolorem voluptas dolor.', 1, 0, '2013-02-27 15:47:28');
INSERT INTO `messages` (`id`, `from_user_id`, `to_user_id`, `body`, `is_important`, `is_delivered`, `created_at`) VALUES (48, 69, 20, 'Omnis laborum debitis repellendus voluptatum odit. Vel ut et porro consequatur. Vel dolor facere sint et. Minus iusto et magnam quo voluptatibus aspernatur voluptatem voluptates.', 1, 1, '2016-07-08 01:50:52');
INSERT INTO `messages` (`id`, `from_user_id`, `to_user_id`, `body`, `is_important`, `is_delivered`, `created_at`) VALUES (49, 14, 66, 'Accusantium et qui reiciendis laudantium voluptatem. Aliquam facilis voluptates sunt deleniti vel fugiat voluptas. Amet voluptatem ut repellendus qui qui rerum aut. Voluptas deleniti illum possimus et ipsum consequuntur.', 0, 0, '2011-05-10 22:56:59');
INSERT INTO `messages` (`id`, `from_user_id`, `to_user_id`, `body`, `is_important`, `is_delivered`, `created_at`) VALUES (50, 96, 88, 'Enim alias quod ipsum id minus. Et neque quod qui dignissimos. Neque tenetur nesciunt sed et.', 1, 1, '2013-09-02 13:57:22');
INSERT INTO `messages` (`id`, `from_user_id`, `to_user_id`, `body`, `is_important`, `is_delivered`, `created_at`) VALUES (51, 73, 69, 'Et eaque amet sequi iure magnam consectetur rerum. Quas et vel ut corporis non est. Quis ex provident dolorem distinctio.', 0, 1, '2017-06-09 12:45:58');
INSERT INTO `messages` (`id`, `from_user_id`, `to_user_id`, `body`, `is_important`, `is_delivered`, `created_at`) VALUES (52, 27, 92, 'Voluptas doloribus pariatur vero eum repellat doloribus. Omnis amet consequatur enim placeat pariatur et quia cupiditate. Error sint error et ut cupiditate consequatur. Et est nisi qui consectetur quod sed veritatis.', 1, 0, '2016-09-15 11:27:46');
INSERT INTO `messages` (`id`, `from_user_id`, `to_user_id`, `body`, `is_important`, `is_delivered`, `created_at`) VALUES (53, 33, 96, 'At harum sed numquam est sapiente quia ducimus. Ab consectetur quis officiis at. Et corrupti iure temporibus facere.', 1, 0, '2010-06-23 06:46:57');
INSERT INTO `messages` (`id`, `from_user_id`, `to_user_id`, `body`, `is_important`, `is_delivered`, `created_at`) VALUES (54, 37, 7, 'Quas velit eius aut voluptate nesciunt consequatur. Quaerat veniam nihil assumenda officiis voluptas qui asperiores. Quaerat qui quia quisquam repellendus voluptas omnis. Possimus tenetur nihil beatae quisquam cupiditate.', 0, 0, '2019-12-22 04:32:40');
INSERT INTO `messages` (`id`, `from_user_id`, `to_user_id`, `body`, `is_important`, `is_delivered`, `created_at`) VALUES (55, 76, 65, 'Natus et sunt expedita. Cumque placeat aut similique nisi. Ad sint aut excepturi enim. Est aperiam deleniti qui exercitationem dolorem reprehenderit necessitatibus.', 1, 1, '2014-02-03 13:42:50');
INSERT INTO `messages` (`id`, `from_user_id`, `to_user_id`, `body`, `is_important`, `is_delivered`, `created_at`) VALUES (56, 23, 70, 'Voluptatem voluptatem soluta eos voluptates ut soluta repudiandae. Deserunt non illo aut sapiente aspernatur. Ut sed nihil laudantium itaque quo. Dignissimos sed velit modi cum repellat dolores nostrum laboriosam. Dolor blanditiis voluptatem magni eos eos.', 1, 1, '2018-01-05 11:41:46');
INSERT INTO `messages` (`id`, `from_user_id`, `to_user_id`, `body`, `is_important`, `is_delivered`, `created_at`) VALUES (57, 36, 89, 'Facere officia in veniam. In doloribus aut in eum. Incidunt accusantium qui itaque et. Aliquid eum voluptatum nostrum et qui.', 1, 0, '2011-12-11 00:01:42');
INSERT INTO `messages` (`id`, `from_user_id`, `to_user_id`, `body`, `is_important`, `is_delivered`, `created_at`) VALUES (58, 85, 3, 'Facere ea illum placeat voluptatem qui occaecati dolore placeat. Fugiat aut voluptatem iusto veritatis et quasi sunt. Quas amet ex maxime dolores qui eos officiis.', 1, 1, '2015-05-20 17:42:22');
INSERT INTO `messages` (`id`, `from_user_id`, `to_user_id`, `body`, `is_important`, `is_delivered`, `created_at`) VALUES (59, 38, 46, 'Et et nihil minus facere. Numquam assumenda voluptas quidem eveniet est minus quia.', 0, 0, '2018-01-01 20:32:31');
INSERT INTO `messages` (`id`, `from_user_id`, `to_user_id`, `body`, `is_important`, `is_delivered`, `created_at`) VALUES (60, 74, 18, 'Consectetur consectetur doloribus similique possimus sed ab. Voluptas beatae earum ipsa est voluptatem magni dolorum. Dolorem sunt est autem est dolor eveniet illum.', 1, 1, '2017-09-29 03:06:12');
INSERT INTO `messages` (`id`, `from_user_id`, `to_user_id`, `body`, `is_important`, `is_delivered`, `created_at`) VALUES (61, 42, 30, 'Odio consequatur omnis modi ratione molestiae officiis. Tempora repellat necessitatibus nobis incidunt similique corrupti. Omnis voluptatem ullam aliquam fugiat quasi eligendi ducimus.', 1, 1, '2015-08-25 13:51:53');
INSERT INTO `messages` (`id`, `from_user_id`, `to_user_id`, `body`, `is_important`, `is_delivered`, `created_at`) VALUES (62, 97, 100, 'Et aut dicta fugit hic. Nihil cumque omnis sit. Consequuntur occaecati omnis qui sit sint sint. Eum qui facilis repellat consectetur quia dolore unde reiciendis.', 1, 0, '2014-10-23 08:54:01');
INSERT INTO `messages` (`id`, `from_user_id`, `to_user_id`, `body`, `is_important`, `is_delivered`, `created_at`) VALUES (63, 9, 78, 'Ut exercitationem vel voluptatum omnis. Error asperiores sed commodi esse.', 1, 1, '2012-03-22 09:00:47');
INSERT INTO `messages` (`id`, `from_user_id`, `to_user_id`, `body`, `is_important`, `is_delivered`, `created_at`) VALUES (64, 90, 99, 'Omnis itaque recusandae earum animi iure non minus. Est veritatis voluptatem omnis dolor.', 0, 0, '2011-04-22 01:05:25');
INSERT INTO `messages` (`id`, `from_user_id`, `to_user_id`, `body`, `is_important`, `is_delivered`, `created_at`) VALUES (65, 28, 59, 'Nisi soluta et impedit quia ut. Sed ipsa necessitatibus ut aut et ipsam provident dicta. Nulla temporibus voluptatem ducimus ullam et aut odit sed. Placeat aut sint corrupti unde in fugiat.', 1, 1, '2013-12-02 10:45:03');
INSERT INTO `messages` (`id`, `from_user_id`, `to_user_id`, `body`, `is_important`, `is_delivered`, `created_at`) VALUES (66, 60, 48, 'Magnam beatae recusandae eum exercitationem non placeat. Et iste placeat natus velit et. Cum autem amet quas. Autem dolor quaerat ea a vitae voluptates enim qui. Sint quas quia ratione rem voluptas modi quo sed.', 1, 1, '2019-01-12 10:15:56');
INSERT INTO `messages` (`id`, `from_user_id`, `to_user_id`, `body`, `is_important`, `is_delivered`, `created_at`) VALUES (67, 21, 53, 'Amet labore maxime voluptatem enim. Suscipit qui ipsam numquam id labore et. Est at voluptatum ipsum natus.', 0, 1, '2012-02-29 15:47:57');
INSERT INTO `messages` (`id`, `from_user_id`, `to_user_id`, `body`, `is_important`, `is_delivered`, `created_at`) VALUES (68, 82, 10, 'Quia et et sit deleniti. Suscipit repellat temporibus exercitationem iusto culpa.', 0, 0, '2010-05-04 22:01:24');
INSERT INTO `messages` (`id`, `from_user_id`, `to_user_id`, `body`, `is_important`, `is_delivered`, `created_at`) VALUES (69, 98, 33, 'Eligendi nostrum et vitae ducimus at ullam. Placeat occaecati quis inventore impedit at nesciunt nostrum quis. Iusto qui modi velit occaecati et quos.', 1, 0, '2012-01-24 16:52:29');
INSERT INTO `messages` (`id`, `from_user_id`, `to_user_id`, `body`, `is_important`, `is_delivered`, `created_at`) VALUES (70, 39, 46, 'Nulla beatae esse eum eveniet temporibus. Alias velit accusantium quos et. Nulla sit dicta qui accusamus maiores. Reprehenderit doloremque corrupti nam.', 0, 0, '2011-02-23 05:32:46');
INSERT INTO `messages` (`id`, `from_user_id`, `to_user_id`, `body`, `is_important`, `is_delivered`, `created_at`) VALUES (71, 58, 60, 'Vel voluptas in cupiditate id quia. Reiciendis quia quasi labore ea ut blanditiis. Sit facilis ut voluptatibus doloribus unde. Voluptatem odit voluptatem autem non quibusdam incidunt in.', 0, 1, '2019-06-08 22:00:40');
INSERT INTO `messages` (`id`, `from_user_id`, `to_user_id`, `body`, `is_important`, `is_delivered`, `created_at`) VALUES (72, 15, 40, 'Et totam eum expedita iure necessitatibus aperiam. Expedita assumenda exercitationem vero vel autem. Nostrum numquam sapiente autem magnam repellendus dolores non voluptas.', 1, 1, '2020-02-20 08:53:11');
INSERT INTO `messages` (`id`, `from_user_id`, `to_user_id`, `body`, `is_important`, `is_delivered`, `created_at`) VALUES (73, 28, 41, 'Fugit culpa libero rerum. Impedit neque aut facere voluptatem ratione. Ut animi quidem aliquam tenetur. Aut sit nihil est dolores.', 0, 1, '2018-03-17 22:59:24');
INSERT INTO `messages` (`id`, `from_user_id`, `to_user_id`, `body`, `is_important`, `is_delivered`, `created_at`) VALUES (74, 7, 51, 'Temporibus enim dolore sit adipisci. Quis molestias distinctio iusto illo enim est ut hic.', 1, 0, '2015-04-04 11:55:17');
INSERT INTO `messages` (`id`, `from_user_id`, `to_user_id`, `body`, `is_important`, `is_delivered`, `created_at`) VALUES (75, 35, 7, 'Placeat ea laborum eum illo. Omnis corrupti qui ut sed veniam. Fugit rerum quod vitae magnam perspiciatis aspernatur reiciendis. Id quis incidunt rerum impedit eos rem omnis.', 1, 1, '2016-01-27 12:37:58');
INSERT INTO `messages` (`id`, `from_user_id`, `to_user_id`, `body`, `is_important`, `is_delivered`, `created_at`) VALUES (76, 39, 7, 'Consequatur quas autem assumenda deserunt labore. Inventore velit deserunt voluptas iusto. Atque tempora omnis consectetur temporibus illo qui voluptates nihil.', 1, 1, '2015-11-11 21:07:24');
INSERT INTO `messages` (`id`, `from_user_id`, `to_user_id`, `body`, `is_important`, `is_delivered`, `created_at`) VALUES (77, 12, 40, 'Non consequatur molestiae dignissimos autem sint ex nam. Et dolor possimus modi quia occaecati maxime dicta neque. Et ad excepturi dignissimos aut sapiente id aut a.', 0, 0, '2017-09-30 02:36:37');
INSERT INTO `messages` (`id`, `from_user_id`, `to_user_id`, `body`, `is_important`, `is_delivered`, `created_at`) VALUES (78, 12, 80, 'Numquam doloremque ut impedit maxime. Iusto explicabo ab in ut nostrum eius dolorum voluptates. Officiis sunt reiciendis aut nam pariatur omnis. Qui at omnis perspiciatis nam quia qui dolores illo.', 1, 0, '2016-06-04 04:19:58');
INSERT INTO `messages` (`id`, `from_user_id`, `to_user_id`, `body`, `is_important`, `is_delivered`, `created_at`) VALUES (79, 71, 80, 'Minima dicta culpa culpa nihil aut commodi. Dolorem est tempora a omnis quibusdam esse. Eos consequuntur blanditiis rerum harum accusamus quibusdam. Sunt nam ratione ut itaque.', 0, 1, '2013-10-15 18:01:22');
INSERT INTO `messages` (`id`, `from_user_id`, `to_user_id`, `body`, `is_important`, `is_delivered`, `created_at`) VALUES (80, 51, 79, 'Placeat et neque tempora delectus repellat. Earum et aut quas expedita. Repellendus qui voluptas aliquam dignissimos aperiam. Autem aut tenetur aspernatur excepturi similique et.', 1, 0, '2011-09-10 07:38:31');
INSERT INTO `messages` (`id`, `from_user_id`, `to_user_id`, `body`, `is_important`, `is_delivered`, `created_at`) VALUES (81, 56, 63, 'Enim eos alias culpa. Vel velit ab dolor doloremque a eius quos iste.', 0, 1, '2010-12-28 11:49:09');
INSERT INTO `messages` (`id`, `from_user_id`, `to_user_id`, `body`, `is_important`, `is_delivered`, `created_at`) VALUES (82, 37, 37, 'Dolorum dignissimos esse architecto. Ut consequuntur itaque autem alias. Voluptatem sint et qui eveniet.', 0, 0, '2016-07-12 17:06:33');
INSERT INTO `messages` (`id`, `from_user_id`, `to_user_id`, `body`, `is_important`, `is_delivered`, `created_at`) VALUES (83, 52, 52, 'Ipsum quod voluptatem delectus sapiente voluptatibus. Reiciendis consequatur temporibus quasi quis eos autem. Voluptatibus vitae eaque laborum voluptas.', 1, 0, '2019-11-22 08:12:28');
INSERT INTO `messages` (`id`, `from_user_id`, `to_user_id`, `body`, `is_important`, `is_delivered`, `created_at`) VALUES (84, 87, 14, 'Quia impedit et quia quasi. Nobis doloribus reprehenderit fugiat tempore. Vitae veniam dolorem similique maiores officia iste. Fugit id aut expedita provident ab error dolores. Ut dolor et voluptatem ullam.', 0, 0, '2018-05-31 22:18:24');
INSERT INTO `messages` (`id`, `from_user_id`, `to_user_id`, `body`, `is_important`, `is_delivered`, `created_at`) VALUES (85, 84, 91, 'Aliquid fugiat voluptatem nam et aut doloremque. Esse nisi natus ducimus consequatur quis aut ut temporibus. Iure eius sunt quasi consequatur.', 0, 0, '2014-01-18 22:42:06');
INSERT INTO `messages` (`id`, `from_user_id`, `to_user_id`, `body`, `is_important`, `is_delivered`, `created_at`) VALUES (86, 35, 94, 'Aut voluptates vel a tempore. Qui aut rerum debitis nemo voluptatibus et. Voluptatem eum neque officia maxime vitae quia vitae.', 1, 1, '2016-07-01 03:34:40');
INSERT INTO `messages` (`id`, `from_user_id`, `to_user_id`, `body`, `is_important`, `is_delivered`, `created_at`) VALUES (87, 47, 80, 'Et est iusto molestiae aliquam deleniti hic. Tempora et quo minus quis quisquam perspiciatis. Veniam nihil non aut error ullam non quo. Et ut repudiandae consequuntur earum excepturi asperiores maxime.', 0, 0, '2012-12-19 04:29:39');
INSERT INTO `messages` (`id`, `from_user_id`, `to_user_id`, `body`, `is_important`, `is_delivered`, `created_at`) VALUES (88, 3, 25, 'Illum quaerat deleniti quidem suscipit. Odio nostrum aut odio. Eum totam sint voluptatibus ut consequatur.', 0, 1, '2010-12-13 06:09:08');
INSERT INTO `messages` (`id`, `from_user_id`, `to_user_id`, `body`, `is_important`, `is_delivered`, `created_at`) VALUES (89, 74, 35, 'Aspernatur est quae fugiat saepe eum ut beatae. Excepturi esse rerum quibusdam fugiat rem ipsam. Numquam sed dolorum explicabo. Ut distinctio aut nihil ut nemo eos at quia.', 1, 1, '2019-03-25 09:54:44');
INSERT INTO `messages` (`id`, `from_user_id`, `to_user_id`, `body`, `is_important`, `is_delivered`, `created_at`) VALUES (90, 32, 64, 'Magni eius atque magnam occaecati. Id deserunt debitis quia adipisci. Cupiditate quos aliquid adipisci ut voluptatem consectetur eveniet. Omnis qui perspiciatis est vero aut ratione.', 1, 0, '2010-05-19 04:00:47');
INSERT INTO `messages` (`id`, `from_user_id`, `to_user_id`, `body`, `is_important`, `is_delivered`, `created_at`) VALUES (91, 80, 4, 'Rerum sit explicabo laborum. Amet quos necessitatibus consequatur at quia. Consequuntur ut provident culpa tempora. Sed ea sapiente nostrum quaerat velit.', 0, 1, '2016-02-22 03:24:25');
INSERT INTO `messages` (`id`, `from_user_id`, `to_user_id`, `body`, `is_important`, `is_delivered`, `created_at`) VALUES (92, 52, 6, 'Incidunt numquam ipsa natus ut dolor sit est enim. Provident omnis ut maiores at fugiat ullam. Sunt quia ut autem velit dolores. Quis suscipit autem id est.', 0, 0, '2015-02-17 13:11:29');
INSERT INTO `messages` (`id`, `from_user_id`, `to_user_id`, `body`, `is_important`, `is_delivered`, `created_at`) VALUES (93, 66, 62, 'Iure nulla occaecati nulla aut. Qui voluptatibus quas doloribus beatae. Eaque ut itaque placeat corrupti enim qui reiciendis id. Quo necessitatibus ducimus vel totam ea necessitatibus maxime.', 1, 0, '2011-12-11 19:58:43');
INSERT INTO `messages` (`id`, `from_user_id`, `to_user_id`, `body`, `is_important`, `is_delivered`, `created_at`) VALUES (94, 95, 58, 'Eaque eum distinctio facere accusantium. Pariatur est vel in eos repellat amet quia. Animi dignissimos deleniti maxime quam eos qui illum.', 0, 0, '2014-11-20 09:14:55');
INSERT INTO `messages` (`id`, `from_user_id`, `to_user_id`, `body`, `is_important`, `is_delivered`, `created_at`) VALUES (95, 1, 94, 'Rerum fugit nihil quasi quisquam facilis ut. Blanditiis assumenda velit occaecati dolorem voluptates.', 1, 1, '2019-09-29 08:08:49');
INSERT INTO `messages` (`id`, `from_user_id`, `to_user_id`, `body`, `is_important`, `is_delivered`, `created_at`) VALUES (96, 88, 82, 'Ex quo repellendus est sequi ipsum aut. Incidunt recusandae distinctio iste nam explicabo pariatur. Similique dolor odio aut explicabo enim.', 1, 0, '2011-08-21 03:44:18');
INSERT INTO `messages` (`id`, `from_user_id`, `to_user_id`, `body`, `is_important`, `is_delivered`, `created_at`) VALUES (97, 65, 55, 'Et quia et est non. Esse autem et et. Voluptatem laboriosam et voluptate qui non iusto. Modi adipisci et aut atque hic qui autem.', 1, 0, '2014-10-22 09:19:49');
INSERT INTO `messages` (`id`, `from_user_id`, `to_user_id`, `body`, `is_important`, `is_delivered`, `created_at`) VALUES (98, 51, 51, 'Qui nihil aut enim est omnis magni consequatur voluptas. Dolores voluptate omnis animi facere similique. Quia laudantium adipisci omnis molestiae iusto omnis.', 1, 1, '2016-02-21 07:53:28');
INSERT INTO `messages` (`id`, `from_user_id`, `to_user_id`, `body`, `is_important`, `is_delivered`, `created_at`) VALUES (99, 2, 95, 'Quis aspernatur sed aspernatur porro in soluta adipisci. Ut qui exercitationem aperiam ipsa corporis. Sit excepturi alias et ea.', 1, 0, '2011-11-24 15:21:31');
INSERT INTO `messages` (`id`, `from_user_id`, `to_user_id`, `body`, `is_important`, `is_delivered`, `created_at`) VALUES (100, 53, 94, 'Autem et autem et. Asperiores inventore voluptatem cupiditate rerum amet autem quidem harum. Et minus ipsa quo molestiae molestiae reprehenderit temporibus aut.', 0, 0, '2011-10-14 01:13:26');


#
# TABLE STRUCTURE FOR: profiles
#

DROP TABLE IF EXISTS `profiles`;

CREATE TABLE `profiles` (
  `user_id` int(10) unsigned NOT NULL,
  `gender` char(1) COLLATE utf8_unicode_ci NOT NULL,
  `birthday` date DEFAULT NULL,
  `city` varchar(100) COLLATE utf8_unicode_ci DEFAULT NULL,
  `country` varchar(100) COLLATE utf8_unicode_ci DEFAULT NULL,
  `photo_id` int(10) unsigned NOT NULL,
  `created_at` datetime DEFAULT current_timestamp(),
  `updated_at` datetime DEFAULT current_timestamp() ON UPDATE current_timestamp(),
  PRIMARY KEY (`user_id`)
) ENGINE=InnoDB DEFAULT CHARSET=utf8 COLLATE=utf8_unicode_ci;

INSERT INTO `profiles` (`user_id`, `gender`, `birthday`, `city`, `country`, `photo_id`, `created_at`, `updated_at`) VALUES (1, 'f', '1986-08-12', 'New Landen', 'Philippines', 66, '2019-09-26 23:27:33', '2015-12-20 23:01:10');
INSERT INTO `profiles` (`user_id`, `gender`, `birthday`, `city`, `country`, `photo_id`, `created_at`, `updated_at`) VALUES (2, 'f', '1996-08-16', 'Wilkinsonview', 'Hong Kong', 37, '2019-08-07 14:20:32', '2018-05-05 15:23:24');
INSERT INTO `profiles` (`user_id`, `gender`, `birthday`, `city`, `country`, `photo_id`, `created_at`, `updated_at`) VALUES (3, 'm', '2006-04-21', 'South Okey', 'Paraguay', 57, '2019-05-11 05:07:13', '2017-04-24 10:16:29');
INSERT INTO `profiles` (`user_id`, `gender`, `birthday`, `city`, `country`, `photo_id`, `created_at`, `updated_at`) VALUES (4, 'm', '2012-08-31', 'Erikaside', 'Cambodia', 93, '2014-08-23 16:59:07', '2013-11-01 13:36:13');
INSERT INTO `profiles` (`user_id`, `gender`, `birthday`, `city`, `country`, `photo_id`, `created_at`, `updated_at`) VALUES (5, 'f', '1988-06-04', 'Parisianshire', 'Armenia', 55, '2017-02-03 23:57:27', '2017-03-10 04:20:03');
INSERT INTO `profiles` (`user_id`, `gender`, `birthday`, `city`, `country`, `photo_id`, `created_at`, `updated_at`) VALUES (6, 'm', '2012-03-23', 'Torpstad', 'Latvia', 72, '2017-05-29 05:33:56', '2011-05-14 08:17:22');
INSERT INTO `profiles` (`user_id`, `gender`, `birthday`, `city`, `country`, `photo_id`, `created_at`, `updated_at`) VALUES (7, 'm', '1989-08-04', 'West Alizeland', 'Netherlands', 77, '2018-07-21 08:13:39', '2017-09-14 16:22:01');
INSERT INTO `profiles` (`user_id`, `gender`, `birthday`, `city`, `country`, `photo_id`, `created_at`, `updated_at`) VALUES (8, 'm', '2015-04-01', 'East Lucio', 'Panama', 23, '2017-04-11 16:45:23', '2014-05-18 21:03:45');
INSERT INTO `profiles` (`user_id`, `gender`, `birthday`, `city`, `country`, `photo_id`, `created_at`, `updated_at`) VALUES (9, 'm', '1983-06-30', 'Nikoborough', 'French Southern Territories', 91, '2013-05-03 22:56:07', '2020-01-25 15:07:25');
INSERT INTO `profiles` (`user_id`, `gender`, `birthday`, `city`, `country`, `photo_id`, `created_at`, `updated_at`) VALUES (10, 'm', '1982-02-07', 'Leannonberg', 'Bermuda', 90, '2019-09-26 06:05:03', '2016-12-10 03:43:27');
INSERT INTO `profiles` (`user_id`, `gender`, `birthday`, `city`, `country`, `photo_id`, `created_at`, `updated_at`) VALUES (11, 'm', '2009-04-06', 'Kutchside', 'Niger', 21, '2019-08-03 09:03:56', '2014-03-28 10:12:50');
INSERT INTO `profiles` (`user_id`, `gender`, `birthday`, `city`, `country`, `photo_id`, `created_at`, `updated_at`) VALUES (12, 'm', '2016-03-10', 'Eloisehaven', 'Bosnia and Herzegovina', 4, '2010-09-28 00:38:48', '2011-06-01 00:58:48');
INSERT INTO `profiles` (`user_id`, `gender`, `birthday`, `city`, `country`, `photo_id`, `created_at`, `updated_at`) VALUES (13, 'm', '2012-02-02', 'South Osbaldo', 'Guyana', 47, '2014-02-23 21:35:34', '2011-12-30 07:29:37');
INSERT INTO `profiles` (`user_id`, `gender`, `birthday`, `city`, `country`, `photo_id`, `created_at`, `updated_at`) VALUES (14, 'f', '2011-08-04', 'Helenahaven', 'Ukraine', 91, '2016-05-15 14:55:35', '2019-08-14 23:35:41');
INSERT INTO `profiles` (`user_id`, `gender`, `birthday`, `city`, `country`, `photo_id`, `created_at`, `updated_at`) VALUES (15, 'm', '2017-06-26', 'Bergeview', 'Philippines', 22, '2013-03-14 01:57:30', '2012-05-01 02:13:47');
INSERT INTO `profiles` (`user_id`, `gender`, `birthday`, `city`, `country`, `photo_id`, `created_at`, `updated_at`) VALUES (16, 'f', '2001-02-26', 'Christiansenmouth', 'Romania', 33, '2012-03-01 11:04:48', '2013-12-21 13:56:31');
INSERT INTO `profiles` (`user_id`, `gender`, `birthday`, `city`, `country`, `photo_id`, `created_at`, `updated_at`) VALUES (17, 'm', '1978-05-31', 'Leannonhaven', 'Bermuda', 4, '2019-08-28 15:36:30', '2016-01-10 08:17:38');
INSERT INTO `profiles` (`user_id`, `gender`, `birthday`, `city`, `country`, `photo_id`, `created_at`, `updated_at`) VALUES (18, 'm', '1989-04-18', 'Geraldinetown', 'Montenegro', 19, '2010-11-09 18:13:34', '2014-10-21 02:39:58');
INSERT INTO `profiles` (`user_id`, `gender`, `birthday`, `city`, `country`, `photo_id`, `created_at`, `updated_at`) VALUES (19, 'f', '2007-02-26', 'Lake Anabelle', 'Iceland', 4, '2014-08-03 06:07:27', '2015-02-28 04:45:30');
INSERT INTO `profiles` (`user_id`, `gender`, `birthday`, `city`, `country`, `photo_id`, `created_at`, `updated_at`) VALUES (20, 'm', '1975-07-14', 'New Cullenmouth', 'Latvia', 81, '2012-03-07 03:13:07', '2014-11-22 16:42:35');
INSERT INTO `profiles` (`user_id`, `gender`, `birthday`, `city`, `country`, `photo_id`, `created_at`, `updated_at`) VALUES (21, 'm', '1974-03-31', 'New Francisview', 'Canada', 41, '2011-08-03 08:58:52', '2019-12-22 17:45:47');
INSERT INTO `profiles` (`user_id`, `gender`, `birthday`, `city`, `country`, `photo_id`, `created_at`, `updated_at`) VALUES (22, 'f', '2008-09-15', 'Jessikafort', 'Gambia', 51, '2011-08-11 14:20:03', '2019-01-28 04:59:28');
INSERT INTO `profiles` (`user_id`, `gender`, `birthday`, `city`, `country`, `photo_id`, `created_at`, `updated_at`) VALUES (23, 'f', '1975-08-08', 'Osinskiberg', 'Thailand', 47, '2018-07-26 06:01:24', '2016-08-24 09:17:32');
INSERT INTO `profiles` (`user_id`, `gender`, `birthday`, `city`, `country`, `photo_id`, `created_at`, `updated_at`) VALUES (24, 'f', '1992-01-31', 'West Heather', 'Sweden', 41, '2017-06-06 06:59:25', '2017-01-27 10:52:56');
INSERT INTO `profiles` (`user_id`, `gender`, `birthday`, `city`, `country`, `photo_id`, `created_at`, `updated_at`) VALUES (25, 'f', '1997-03-08', 'New Clarechester', 'Isle of Man', 14, '2017-07-23 11:39:41', '2013-08-20 10:19:02');
INSERT INTO `profiles` (`user_id`, `gender`, `birthday`, `city`, `country`, `photo_id`, `created_at`, `updated_at`) VALUES (26, 'm', '2006-03-23', 'Lake Coreneshire', 'Sri Lanka', 82, '2014-11-19 13:33:40', '2016-01-03 12:45:25');
INSERT INTO `profiles` (`user_id`, `gender`, `birthday`, `city`, `country`, `photo_id`, `created_at`, `updated_at`) VALUES (27, 'm', '2010-10-29', 'Zoraside', 'Botswana', 60, '2014-02-03 21:35:27', '2011-05-01 04:40:35');
INSERT INTO `profiles` (`user_id`, `gender`, `birthday`, `city`, `country`, `photo_id`, `created_at`, `updated_at`) VALUES (28, 'f', '1982-02-26', 'West Marafort', 'Saint Vincent and the Grenadines', 99, '2015-09-07 15:47:35', '2013-09-07 15:51:42');
INSERT INTO `profiles` (`user_id`, `gender`, `birthday`, `city`, `country`, `photo_id`, `created_at`, `updated_at`) VALUES (29, 'm', '1991-10-28', 'New Otho', 'Saint Barthelemy', 61, '2011-02-20 00:42:04', '2016-08-04 06:42:44');
INSERT INTO `profiles` (`user_id`, `gender`, `birthday`, `city`, `country`, `photo_id`, `created_at`, `updated_at`) VALUES (30, 'm', '2013-04-18', 'North Ronnyview', 'Armenia', 47, '2018-04-12 15:23:37', '2014-12-29 11:58:20');
INSERT INTO `profiles` (`user_id`, `gender`, `birthday`, `city`, `country`, `photo_id`, `created_at`, `updated_at`) VALUES (31, 'f', '1980-10-25', 'Hassanfort', 'Bolivia', 71, '2010-11-08 14:50:35', '2010-10-10 15:44:41');
INSERT INTO `profiles` (`user_id`, `gender`, `birthday`, `city`, `country`, `photo_id`, `created_at`, `updated_at`) VALUES (32, 'f', '2007-10-07', 'Sauerport', 'Liechtenstein', 22, '2011-11-03 18:55:32', '2014-09-21 20:34:02');
INSERT INTO `profiles` (`user_id`, `gender`, `birthday`, `city`, `country`, `photo_id`, `created_at`, `updated_at`) VALUES (33, 'f', '1998-08-20', 'Thompsonton', 'Egypt', 77, '2020-03-06 09:10:38', '2017-10-02 19:31:00');
INSERT INTO `profiles` (`user_id`, `gender`, `birthday`, `city`, `country`, `photo_id`, `created_at`, `updated_at`) VALUES (34, 'f', '1981-04-13', 'Bogisichshire', 'Mongolia', 20, '2012-07-13 04:27:31', '2016-09-18 18:37:35');
INSERT INTO `profiles` (`user_id`, `gender`, `birthday`, `city`, `country`, `photo_id`, `created_at`, `updated_at`) VALUES (35, 'f', '1981-03-28', 'Millsside', 'Luxembourg', 92, '2019-08-20 19:18:07', '2012-09-29 07:47:55');
INSERT INTO `profiles` (`user_id`, `gender`, `birthday`, `city`, `country`, `photo_id`, `created_at`, `updated_at`) VALUES (36, 'm', '2010-10-19', 'North Aidashire', 'Korea', 4, '2012-10-22 01:43:00', '2015-01-04 14:52:01');
INSERT INTO `profiles` (`user_id`, `gender`, `birthday`, `city`, `country`, `photo_id`, `created_at`, `updated_at`) VALUES (37, 'f', '2003-07-04', 'North Kassandra', 'Belarus', 19, '2019-12-27 00:42:07', '2017-02-20 12:48:40');
INSERT INTO `profiles` (`user_id`, `gender`, `birthday`, `city`, `country`, `photo_id`, `created_at`, `updated_at`) VALUES (38, 'f', '1983-05-17', 'Lindseychester', 'British Virgin Islands', 53, '2014-06-02 11:15:52', '2010-07-10 20:11:59');
INSERT INTO `profiles` (`user_id`, `gender`, `birthday`, `city`, `country`, `photo_id`, `created_at`, `updated_at`) VALUES (39, 'm', '2003-06-16', 'Hughtown', 'Guinea-Bissau', 4, '2010-11-22 03:58:51', '2019-04-20 19:38:03');
INSERT INTO `profiles` (`user_id`, `gender`, `birthday`, `city`, `country`, `photo_id`, `created_at`, `updated_at`) VALUES (40, 'f', '2005-04-10', 'Kubhaven', 'Kenya', 23, '2011-11-08 12:19:57', '2010-07-26 12:13:35');
INSERT INTO `profiles` (`user_id`, `gender`, `birthday`, `city`, `country`, `photo_id`, `created_at`, `updated_at`) VALUES (41, 'f', '1976-05-23', 'East Urbanberg', 'Netherlands', 52, '2013-03-26 21:41:09', '2015-10-10 06:57:02');
INSERT INTO `profiles` (`user_id`, `gender`, `birthday`, `city`, `country`, `photo_id`, `created_at`, `updated_at`) VALUES (42, 'm', '2011-08-17', 'North Margieborough', 'Aruba', 36, '2015-07-07 08:15:45', '2012-01-02 19:36:42');
INSERT INTO `profiles` (`user_id`, `gender`, `birthday`, `city`, `country`, `photo_id`, `created_at`, `updated_at`) VALUES (43, 'f', '1977-01-17', 'Gloverland', 'Macedonia', 32, '2014-08-16 16:40:48', '2013-11-25 00:04:22');
INSERT INTO `profiles` (`user_id`, `gender`, `birthday`, `city`, `country`, `photo_id`, `created_at`, `updated_at`) VALUES (44, 'm', '1975-07-20', 'New Kraig', 'Liberia', 6, '2017-11-02 13:04:01', '2016-11-21 11:46:53');
INSERT INTO `profiles` (`user_id`, `gender`, `birthday`, `city`, `country`, `photo_id`, `created_at`, `updated_at`) VALUES (45, 'm', '2007-09-29', 'North Anabelhaven', 'Madagascar', 15, '2017-04-20 12:26:54', '2012-09-19 05:14:50');
INSERT INTO `profiles` (`user_id`, `gender`, `birthday`, `city`, `country`, `photo_id`, `created_at`, `updated_at`) VALUES (46, 'f', '1987-09-30', 'Port Cooper', 'New Zealand', 51, '2015-04-19 06:43:34', '2010-09-18 21:03:34');
INSERT INTO `profiles` (`user_id`, `gender`, `birthday`, `city`, `country`, `photo_id`, `created_at`, `updated_at`) VALUES (47, 'm', '1985-08-25', 'Trompberg', 'Holy See (Vatican City State)', 81, '2011-09-13 17:32:08', '2011-04-11 06:48:33');
INSERT INTO `profiles` (`user_id`, `gender`, `birthday`, `city`, `country`, `photo_id`, `created_at`, `updated_at`) VALUES (48, 'f', '2012-12-14', 'New Pearliehaven', 'Philippines', 4, '2011-08-07 06:10:02', '2016-07-17 09:26:49');
INSERT INTO `profiles` (`user_id`, `gender`, `birthday`, `city`, `country`, `photo_id`, `created_at`, `updated_at`) VALUES (49, 'f', '2003-12-11', 'Cletaland', 'Maldives', 92, '2018-02-23 01:35:41', '2013-08-02 21:07:02');
INSERT INTO `profiles` (`user_id`, `gender`, `birthday`, `city`, `country`, `photo_id`, `created_at`, `updated_at`) VALUES (50, 'f', '2000-09-02', 'East Presley', 'Comoros', 6, '2012-03-12 08:26:10', '2017-05-17 23:58:41');
INSERT INTO `profiles` (`user_id`, `gender`, `birthday`, `city`, `country`, `photo_id`, `created_at`, `updated_at`) VALUES (51, 'm', '2018-10-19', 'Rosenbaumview', 'Mongolia', 16, '2013-03-29 15:36:43', '2012-07-07 22:19:29');
INSERT INTO `profiles` (`user_id`, `gender`, `birthday`, `city`, `country`, `photo_id`, `created_at`, `updated_at`) VALUES (52, 'm', '1981-01-10', 'Harveyborough', 'Wallis and Futuna', 57, '2017-06-28 19:57:11', '2015-01-19 04:53:22');
INSERT INTO `profiles` (`user_id`, `gender`, `birthday`, `city`, `country`, `photo_id`, `created_at`, `updated_at`) VALUES (53, 'f', '1992-08-18', 'Ritchieton', 'South Georgia and the South Sandwich Islands', 54, '2011-05-22 18:40:07', '2015-10-27 07:05:37');
INSERT INTO `profiles` (`user_id`, `gender`, `birthday`, `city`, `country`, `photo_id`, `created_at`, `updated_at`) VALUES (54, 'f', '1972-10-30', 'Tillmanville', 'Grenada', 44, '2012-10-02 16:52:23', '2011-10-26 05:12:51');
INSERT INTO `profiles` (`user_id`, `gender`, `birthday`, `city`, `country`, `photo_id`, `created_at`, `updated_at`) VALUES (55, 'm', '1983-10-02', 'Brandoshire', 'New Caledonia', 71, '2017-11-30 11:26:02', '2016-12-10 03:44:34');
INSERT INTO `profiles` (`user_id`, `gender`, `birthday`, `city`, `country`, `photo_id`, `created_at`, `updated_at`) VALUES (56, 'f', '2014-07-28', 'West Kavonland', 'Anguilla', 61, '2017-08-08 21:38:06', '2016-07-05 15:13:16');
INSERT INTO `profiles` (`user_id`, `gender`, `birthday`, `city`, `country`, `photo_id`, `created_at`, `updated_at`) VALUES (57, 'f', '1994-03-24', 'Beierburgh', 'Albania', 85, '2017-12-04 14:59:05', '2016-09-23 21:27:08');
INSERT INTO `profiles` (`user_id`, `gender`, `birthday`, `city`, `country`, `photo_id`, `created_at`, `updated_at`) VALUES (58, 'm', '1971-11-11', 'Thompsonberg', 'Papua New Guinea', 81, '2019-10-31 20:58:11', '2012-07-16 01:47:43');
INSERT INTO `profiles` (`user_id`, `gender`, `birthday`, `city`, `country`, `photo_id`, `created_at`, `updated_at`) VALUES (59, 'm', '2019-03-19', 'Lake Ariside', 'Mauritania', 70, '2010-06-01 14:46:23', '2017-01-17 23:46:42');
INSERT INTO `profiles` (`user_id`, `gender`, `birthday`, `city`, `country`, `photo_id`, `created_at`, `updated_at`) VALUES (60, 'm', '1981-09-05', 'Kleinburgh', 'Macao', 32, '2016-07-14 19:59:44', '2012-06-13 15:06:54');
INSERT INTO `profiles` (`user_id`, `gender`, `birthday`, `city`, `country`, `photo_id`, `created_at`, `updated_at`) VALUES (61, 'f', '1971-06-20', 'Hermanport', 'Greenland', 49, '2015-03-29 19:38:24', '2013-07-16 18:37:04');
INSERT INTO `profiles` (`user_id`, `gender`, `birthday`, `city`, `country`, `photo_id`, `created_at`, `updated_at`) VALUES (62, 'f', '2007-05-30', 'North Lestertown', 'Malta', 86, '2012-10-28 07:34:24', '2013-06-27 11:01:21');
INSERT INTO `profiles` (`user_id`, `gender`, `birthday`, `city`, `country`, `photo_id`, `created_at`, `updated_at`) VALUES (63, 'f', '1993-01-24', 'Port Izabella', 'Pitcairn Islands', 55, '2012-08-20 12:42:32', '2019-02-07 01:24:30');
INSERT INTO `profiles` (`user_id`, `gender`, `birthday`, `city`, `country`, `photo_id`, `created_at`, `updated_at`) VALUES (64, 'f', '2020-01-18', 'Oletaview', 'Italy', 71, '2018-01-01 22:17:58', '2015-05-16 22:56:57');
INSERT INTO `profiles` (`user_id`, `gender`, `birthday`, `city`, `country`, `photo_id`, `created_at`, `updated_at`) VALUES (65, 'm', '1990-11-20', 'East Candice', 'Niger', 52, '2017-06-25 09:47:26', '2010-04-17 13:54:57');
INSERT INTO `profiles` (`user_id`, `gender`, `birthday`, `city`, `country`, `photo_id`, `created_at`, `updated_at`) VALUES (66, 'm', '1970-07-07', 'New Alessandra', 'Kyrgyz Republic', 35, '2017-01-31 04:05:33', '2013-12-25 20:10:00');
INSERT INTO `profiles` (`user_id`, `gender`, `birthday`, `city`, `country`, `photo_id`, `created_at`, `updated_at`) VALUES (67, 'f', '1987-06-16', 'Enriquehaven', 'Guyana', 47, '2010-05-20 13:16:56', '2011-07-17 07:29:51');
INSERT INTO `profiles` (`user_id`, `gender`, `birthday`, `city`, `country`, `photo_id`, `created_at`, `updated_at`) VALUES (68, 'f', '1984-04-20', 'South Clementineberg', 'Hong Kong', 65, '2013-04-01 10:41:45', '2012-02-01 19:12:40');
INSERT INTO `profiles` (`user_id`, `gender`, `birthday`, `city`, `country`, `photo_id`, `created_at`, `updated_at`) VALUES (69, 'f', '2005-07-02', 'Port Marcshire', 'Antarctica (the territory South of 60 deg S)', 19, '2019-09-24 18:13:19', '2010-08-29 19:55:47');
INSERT INTO `profiles` (`user_id`, `gender`, `birthday`, `city`, `country`, `photo_id`, `created_at`, `updated_at`) VALUES (70, 'f', '2002-05-26', 'West Elmo', 'British Virgin Islands', 39, '2011-09-18 11:08:09', '2017-06-20 07:42:54');
INSERT INTO `profiles` (`user_id`, `gender`, `birthday`, `city`, `country`, `photo_id`, `created_at`, `updated_at`) VALUES (71, 'm', '2005-10-19', 'New Shanon', 'Burkina Faso', 49, '2017-07-25 18:16:22', '2019-12-16 09:01:47');
INSERT INTO `profiles` (`user_id`, `gender`, `birthday`, `city`, `country`, `photo_id`, `created_at`, `updated_at`) VALUES (72, 'm', '1990-04-07', 'Lemkehaven', 'Guadeloupe', 20, '2011-06-12 12:11:59', '2015-08-19 04:45:43');
INSERT INTO `profiles` (`user_id`, `gender`, `birthday`, `city`, `country`, `photo_id`, `created_at`, `updated_at`) VALUES (73, 'm', '2001-10-03', 'Port Allanstad', 'Congo', 59, '2017-01-14 11:00:15', '2018-12-28 18:09:59');
INSERT INTO `profiles` (`user_id`, `gender`, `birthday`, `city`, `country`, `photo_id`, `created_at`, `updated_at`) VALUES (74, 'f', '2018-10-06', 'Lake Brionna', 'India', 74, '2019-06-23 14:27:51', '2018-02-18 10:20:28');
INSERT INTO `profiles` (`user_id`, `gender`, `birthday`, `city`, `country`, `photo_id`, `created_at`, `updated_at`) VALUES (75, 'm', '1970-01-17', 'South Emmanuelle', 'Lao People\'s Democratic Republic', 82, '2013-04-07 16:21:23', '2012-04-24 08:16:42');
INSERT INTO `profiles` (`user_id`, `gender`, `birthday`, `city`, `country`, `photo_id`, `created_at`, `updated_at`) VALUES (76, 'm', '1973-01-28', 'Lake Kelsiport', 'French Guiana', 28, '2011-12-02 09:21:12', '2018-01-02 08:26:23');
INSERT INTO `profiles` (`user_id`, `gender`, `birthday`, `city`, `country`, `photo_id`, `created_at`, `updated_at`) VALUES (77, 'f', '2002-02-23', 'Eileenberg', 'Netherlands Antilles', 5, '2016-03-07 05:11:52', '2013-08-13 07:49:20');
INSERT INTO `profiles` (`user_id`, `gender`, `birthday`, `city`, `country`, `photo_id`, `created_at`, `updated_at`) VALUES (78, 'm', '2016-05-11', 'Lake Jovan', 'Bolivia', 56, '2018-12-22 07:42:13', '2012-08-05 03:51:32');
INSERT INTO `profiles` (`user_id`, `gender`, `birthday`, `city`, `country`, `photo_id`, `created_at`, `updated_at`) VALUES (79, 'f', '1994-01-01', 'East Lawson', 'Ecuador', 97, '2013-03-20 09:37:30', '2018-05-10 05:47:51');
INSERT INTO `profiles` (`user_id`, `gender`, `birthday`, `city`, `country`, `photo_id`, `created_at`, `updated_at`) VALUES (80, 'm', '1999-06-24', 'Zaneland', 'Colombia', 57, '2012-10-02 10:41:58', '2012-11-11 21:16:31');
INSERT INTO `profiles` (`user_id`, `gender`, `birthday`, `city`, `country`, `photo_id`, `created_at`, `updated_at`) VALUES (81, 'f', '1979-08-04', 'Collinsstad', 'Nepal', 22, '2016-01-12 09:39:03', '2019-01-27 16:55:44');
INSERT INTO `profiles` (`user_id`, `gender`, `birthday`, `city`, `country`, `photo_id`, `created_at`, `updated_at`) VALUES (82, 'm', '1995-07-10', 'West Goldenborough', 'Austria', 89, '2018-11-04 14:55:41', '2010-05-13 11:54:47');
INSERT INTO `profiles` (`user_id`, `gender`, `birthday`, `city`, `country`, `photo_id`, `created_at`, `updated_at`) VALUES (83, 'f', '1992-07-29', 'Lake Lisahaven', 'United Kingdom', 47, '2011-06-03 23:59:16', '2015-01-10 03:06:13');
INSERT INTO `profiles` (`user_id`, `gender`, `birthday`, `city`, `country`, `photo_id`, `created_at`, `updated_at`) VALUES (84, 'f', '2013-09-13', 'Hoegershire', 'Korea', 15, '2014-12-01 09:54:26', '2017-09-12 22:26:33');
INSERT INTO `profiles` (`user_id`, `gender`, `birthday`, `city`, `country`, `photo_id`, `created_at`, `updated_at`) VALUES (85, 'f', '1999-02-27', 'West Icie', 'United States Minor Outlying Islands', 65, '2010-12-08 12:10:09', '2012-01-10 14:28:51');
INSERT INTO `profiles` (`user_id`, `gender`, `birthday`, `city`, `country`, `photo_id`, `created_at`, `updated_at`) VALUES (86, 'f', '1996-05-25', 'Port Barbaratown', 'Argentina', 92, '2012-02-13 11:04:27', '2016-08-14 04:37:03');
INSERT INTO `profiles` (`user_id`, `gender`, `birthday`, `city`, `country`, `photo_id`, `created_at`, `updated_at`) VALUES (87, 'm', '1988-06-28', 'Yostton', 'Cocos (Keeling) Islands', 14, '2015-07-07 22:48:49', '2012-08-23 17:44:01');
INSERT INTO `profiles` (`user_id`, `gender`, `birthday`, `city`, `country`, `photo_id`, `created_at`, `updated_at`) VALUES (88, 'f', '1994-10-22', 'Port Effie', 'Kyrgyz Republic', 83, '2017-05-06 14:38:18', '2011-05-24 22:33:48');
INSERT INTO `profiles` (`user_id`, `gender`, `birthday`, `city`, `country`, `photo_id`, `created_at`, `updated_at`) VALUES (89, 'm', '1998-06-01', 'New Anissahaven', 'Papua New Guinea', 62, '2020-01-11 18:37:47', '2018-04-13 11:22:59');
INSERT INTO `profiles` (`user_id`, `gender`, `birthday`, `city`, `country`, `photo_id`, `created_at`, `updated_at`) VALUES (90, 'm', '1997-01-04', 'Lake Abbie', 'Dominican Republic', 94, '2011-11-03 00:56:26', '2010-07-05 05:19:31');
INSERT INTO `profiles` (`user_id`, `gender`, `birthday`, `city`, `country`, `photo_id`, `created_at`, `updated_at`) VALUES (91, 'f', '1993-02-02', 'Audreanneside', 'Cambodia', 30, '2010-05-05 07:56:27', '2017-04-06 04:53:12');
INSERT INTO `profiles` (`user_id`, `gender`, `birthday`, `city`, `country`, `photo_id`, `created_at`, `updated_at`) VALUES (92, 'm', '2011-07-12', 'Dietrichburgh', 'Antarctica (the territory South of 60 deg S)', 45, '2016-02-15 21:28:31', '2019-06-29 13:47:24');
INSERT INTO `profiles` (`user_id`, `gender`, `birthday`, `city`, `country`, `photo_id`, `created_at`, `updated_at`) VALUES (93, 'f', '2004-07-31', 'Maggioside', 'Fiji', 31, '2016-08-13 12:55:23', '2015-06-05 23:58:04');
INSERT INTO `profiles` (`user_id`, `gender`, `birthday`, `city`, `country`, `photo_id`, `created_at`, `updated_at`) VALUES (94, 'f', '1979-06-17', 'Oletaside', 'Mexico', 65, '2011-06-16 09:27:01', '2016-02-11 21:58:16');
INSERT INTO `profiles` (`user_id`, `gender`, `birthday`, `city`, `country`, `photo_id`, `created_at`, `updated_at`) VALUES (95, 'm', '2019-01-30', 'Robelville', 'Macao', 28, '2013-05-07 07:51:34', '2017-10-22 22:42:55');
INSERT INTO `profiles` (`user_id`, `gender`, `birthday`, `city`, `country`, `photo_id`, `created_at`, `updated_at`) VALUES (96, 'f', '1992-08-01', 'Lake Virginiehaven', 'Belgium', 27, '2012-06-28 17:52:59', '2012-06-25 09:25:03');
INSERT INTO `profiles` (`user_id`, `gender`, `birthday`, `city`, `country`, `photo_id`, `created_at`, `updated_at`) VALUES (97, 'm', '1991-11-15', 'West Jimmie', 'Uzbekistan', 83, '2013-05-25 05:14:56', '2015-07-20 12:00:41');
INSERT INTO `profiles` (`user_id`, `gender`, `birthday`, `city`, `country`, `photo_id`, `created_at`, `updated_at`) VALUES (98, 'm', '1979-06-18', 'Collierside', 'Grenada', 48, '2012-09-19 19:26:11', '2016-07-25 22:29:32');
INSERT INTO `profiles` (`user_id`, `gender`, `birthday`, `city`, `country`, `photo_id`, `created_at`, `updated_at`) VALUES (99, 'f', '2017-09-05', 'Destineyfort', 'Tajikistan', 14, '2018-07-02 21:20:07', '2011-08-29 13:57:31');
INSERT INTO `profiles` (`user_id`, `gender`, `birthday`, `city`, `country`, `photo_id`, `created_at`, `updated_at`) VALUES (100, 'm', '2007-02-01', 'Halleton', 'Georgia', 70, '2012-09-02 02:05:44', '2010-04-19 14:22:04');


#
# TABLE STRUCTURE FOR: users
#

DROP TABLE IF EXISTS `users`;

CREATE TABLE `users` (
  `id` int(10) unsigned NOT NULL AUTO_INCREMENT,
  `first_name` varchar(100) COLLATE utf8_unicode_ci NOT NULL,
  `last_name` varchar(100) COLLATE utf8_unicode_ci NOT NULL,
  `email` varchar(120) COLLATE utf8_unicode_ci NOT NULL,
  `phone` varchar(120) COLLATE utf8_unicode_ci NOT NULL,
  `created_at` datetime DEFAULT current_timestamp(),
  `updated_at` datetime DEFAULT current_timestamp() ON UPDATE current_timestamp(),
  PRIMARY KEY (`id`),
  UNIQUE KEY `email` (`email`),
  UNIQUE KEY `phone` (`phone`)
) ENGINE=InnoDB AUTO_INCREMENT=101 DEFAULT CHARSET=utf8 COLLATE=utf8_unicode_ci;

INSERT INTO `users` (`id`, `first_name`, `last_name`, `email`, `phone`, `created_at`, `updated_at`) VALUES (1, 'Herminia', 'Hettinger', 'amalia56@example.org', '(712)870-0639x94791', '2016-06-10 18:03:51', '2017-06-11 08:50:50');
INSERT INTO `users` (`id`, `first_name`, `last_name`, `email`, `phone`, `created_at`, `updated_at`) VALUES (2, 'Narciso', 'Donnelly', 'ohayes@example.com', '1-078-139-1165x14847', '2019-11-21 02:35:56', '2011-06-30 03:12:06');
INSERT INTO `users` (`id`, `first_name`, `last_name`, `email`, `phone`, `created_at`, `updated_at`) VALUES (3, 'Ivy', 'Wisozk', 'runolfsson.berneice@example.com', '022.857.1072', '2012-12-27 00:09:01', '2019-01-27 21:11:17');
INSERT INTO `users` (`id`, `first_name`, `last_name`, `email`, `phone`, `created_at`, `updated_at`) VALUES (4, 'Anahi', 'Robel', 'williamson.nya@example.net', '1-296-542-9458x21544', '2019-01-25 10:09:56', '2018-02-17 17:39:22');
INSERT INTO `users` (`id`, `first_name`, `last_name`, `email`, `phone`, `created_at`, `updated_at`) VALUES (5, 'Adeline', 'Hammes', 'zemlak.pansy@example.org', '1-185-762-7191x995', '2012-12-12 22:29:42', '2011-10-02 01:33:18');
INSERT INTO `users` (`id`, `first_name`, `last_name`, `email`, `phone`, `created_at`, `updated_at`) VALUES (6, 'Ike', 'Glover', 'alexa80@example.net', '1-734-312-2619', '2011-09-01 02:22:27', '2010-09-25 08:26:00');
INSERT INTO `users` (`id`, `first_name`, `last_name`, `email`, `phone`, `created_at`, `updated_at`) VALUES (7, 'Coby', 'Keebler', 'kathryne.bergstrom@example.com', '(004)432-2111x81564', '2016-10-23 21:34:41', '2018-04-25 18:39:04');
INSERT INTO `users` (`id`, `first_name`, `last_name`, `email`, `phone`, `created_at`, `updated_at`) VALUES (8, 'Thora', 'Conn', 'berneice.glover@example.org', '+66(2)3074538351', '2013-07-21 03:20:55', '2013-08-13 11:25:49');
INSERT INTO `users` (`id`, `first_name`, `last_name`, `email`, `phone`, `created_at`, `updated_at`) VALUES (9, 'Braden', 'Lubowitz', 'esperanza.koepp@example.org', '1-025-076-5687x9482', '2011-06-13 08:59:40', '2019-09-27 08:08:49');
INSERT INTO `users` (`id`, `first_name`, `last_name`, `email`, `phone`, `created_at`, `updated_at`) VALUES (10, 'Stella', 'Kling', 'wilfrid.gerlach@example.com', '726.713.2034x320', '2012-09-30 18:14:24', '2012-10-26 07:09:08');
INSERT INTO `users` (`id`, `first_name`, `last_name`, `email`, `phone`, `created_at`, `updated_at`) VALUES (11, 'Elmore', 'Rath', 'brittany43@example.net', '+18(6)3379749834', '2019-04-10 17:07:30', '2014-06-22 09:54:47');
INSERT INTO `users` (`id`, `first_name`, `last_name`, `email`, `phone`, `created_at`, `updated_at`) VALUES (12, 'Cameron', 'Nolan', 'shanon47@example.org', '(791)346-2918x41010', '2014-02-24 01:00:29', '2011-02-23 10:01:48');
INSERT INTO `users` (`id`, `first_name`, `last_name`, `email`, `phone`, `created_at`, `updated_at`) VALUES (13, 'Holden', 'Dooley', 'balistreri.katlyn@example.net', '(492)878-4422x10433', '2011-06-02 06:25:56', '2018-04-27 18:24:58');
INSERT INTO `users` (`id`, `first_name`, `last_name`, `email`, `phone`, `created_at`, `updated_at`) VALUES (14, 'Alejandra', 'Lemke', 'carroll34@example.net', '190.779.8691x21652', '2018-09-09 08:56:45', '2012-05-15 22:33:58');
INSERT INTO `users` (`id`, `first_name`, `last_name`, `email`, `phone`, `created_at`, `updated_at`) VALUES (15, 'Oleta', 'Lakin', 'maggie.considine@example.com', '(772)876-3351x3447', '2018-05-15 14:48:39', '2010-05-22 16:36:13');
INSERT INTO `users` (`id`, `first_name`, `last_name`, `email`, `phone`, `created_at`, `updated_at`) VALUES (16, 'Sherman', 'Toy', 'roberta56@example.com', '1-061-791-8017x6261', '2013-08-24 06:34:19', '2020-03-01 08:02:31');
INSERT INTO `users` (`id`, `first_name`, `last_name`, `email`, `phone`, `created_at`, `updated_at`) VALUES (17, 'Arthur', 'Bartoletti', 'stiedemann.estell@example.net', '(437)423-5061x3595', '2018-02-02 04:00:01', '2015-01-16 04:52:53');
INSERT INTO `users` (`id`, `first_name`, `last_name`, `email`, `phone`, `created_at`, `updated_at`) VALUES (18, 'Adrianna', 'Kiehn', 'ohodkiewicz@example.com', '661-097-1677x801', '2014-03-13 04:41:33', '2017-04-02 21:31:36');
INSERT INTO `users` (`id`, `first_name`, `last_name`, `email`, `phone`, `created_at`, `updated_at`) VALUES (19, 'Germaine', 'Hodkiewicz', 'antonina.keebler@example.net', '1-287-271-4767x235', '2017-08-23 22:27:56', '2010-05-16 20:23:32');
INSERT INTO `users` (`id`, `first_name`, `last_name`, `email`, `phone`, `created_at`, `updated_at`) VALUES (20, 'Montana', 'Gislason', 'reginald52@example.org', '1-145-794-7369x113', '2018-01-02 01:52:49', '2019-08-16 15:32:17');
INSERT INTO `users` (`id`, `first_name`, `last_name`, `email`, `phone`, `created_at`, `updated_at`) VALUES (21, 'Sarai', 'Kuhic', 'bechtelar.destany@example.net', '859.145.4941', '2018-09-28 21:14:31', '2017-02-24 15:25:53');
INSERT INTO `users` (`id`, `first_name`, `last_name`, `email`, `phone`, `created_at`, `updated_at`) VALUES (22, 'Melyssa', 'Schmitt', 'vinnie.ruecker@example.org', '926-302-2801', '2018-01-11 21:22:01', '2012-04-02 08:51:51');
INSERT INTO `users` (`id`, `first_name`, `last_name`, `email`, `phone`, `created_at`, `updated_at`) VALUES (23, 'Arnoldo', 'Raynor', 'baumbach.rickie@example.com', '352.486.4224x26415', '2015-07-01 00:15:48', '2017-12-07 15:50:47');
INSERT INTO `users` (`id`, `first_name`, `last_name`, `email`, `phone`, `created_at`, `updated_at`) VALUES (24, 'Percival', 'Bernhard', 'ohauck@example.net', '02602307196', '2012-08-16 08:17:11', '2016-04-28 09:40:38');
INSERT INTO `users` (`id`, `first_name`, `last_name`, `email`, `phone`, `created_at`, `updated_at`) VALUES (25, 'Issac', 'Runolfsdottir', 'ottilie67@example.com', '595.394.2784', '2013-09-14 17:06:48', '2018-04-11 11:17:55');
INSERT INTO `users` (`id`, `first_name`, `last_name`, `email`, `phone`, `created_at`, `updated_at`) VALUES (26, 'Israel', 'Klein', 'wbartell@example.org', '1-821-276-6510', '2012-01-27 04:00:49', '2015-12-13 22:43:00');
INSERT INTO `users` (`id`, `first_name`, `last_name`, `email`, `phone`, `created_at`, `updated_at`) VALUES (27, 'Alia', 'Weber', 'marcelino.wyman@example.com', '(017)489-6858', '2020-02-11 04:04:24', '2015-05-29 13:08:26');
INSERT INTO `users` (`id`, `first_name`, `last_name`, `email`, `phone`, `created_at`, `updated_at`) VALUES (28, 'Gabriella', 'Runte', 'hlueilwitz@example.org', '832.129.4958x35984', '2018-06-25 14:39:53', '2016-02-08 11:02:39');
INSERT INTO `users` (`id`, `first_name`, `last_name`, `email`, `phone`, `created_at`, `updated_at`) VALUES (29, 'Rhiannon', 'O\'Kon', 'gorczany.eliza@example.net', '1-992-693-6425', '2015-01-30 19:14:53', '2012-02-14 03:42:19');
INSERT INTO `users` (`id`, `first_name`, `last_name`, `email`, `phone`, `created_at`, `updated_at`) VALUES (30, 'Carolyn', 'Ledner', 'pierre.kemmer@example.com', '365-923-2636x68522', '2017-10-06 20:31:58', '2016-04-07 22:41:53');
INSERT INTO `users` (`id`, `first_name`, `last_name`, `email`, `phone`, `created_at`, `updated_at`) VALUES (31, 'Anjali', 'Shields', 'aubree.hickle@example.org', '(061)939-9036', '2010-06-12 19:29:14', '2020-01-17 22:40:45');
INSERT INTO `users` (`id`, `first_name`, `last_name`, `email`, `phone`, `created_at`, `updated_at`) VALUES (32, 'Estefania', 'Heidenreich', 'ymorissette@example.org', '(904)801-8068', '2011-01-25 04:31:51', '2017-05-31 03:30:44');
INSERT INTO `users` (`id`, `first_name`, `last_name`, `email`, `phone`, `created_at`, `updated_at`) VALUES (33, 'Albin', 'Wehner', 'erik00@example.com', '1-272-696-5056', '2014-12-26 21:08:15', '2012-10-23 12:46:55');
INSERT INTO `users` (`id`, `first_name`, `last_name`, `email`, `phone`, `created_at`, `updated_at`) VALUES (34, 'Dallas', 'Gulgowski', 'koch.johnny@example.org', '+13(2)5656865547', '2011-10-28 10:58:24', '2013-07-21 07:24:54');
INSERT INTO `users` (`id`, `first_name`, `last_name`, `email`, `phone`, `created_at`, `updated_at`) VALUES (35, 'Nico', 'Stroman', 'landen77@example.com', '524-849-1948', '2014-08-27 16:16:36', '2014-04-12 14:27:09');
INSERT INTO `users` (`id`, `first_name`, `last_name`, `email`, `phone`, `created_at`, `updated_at`) VALUES (36, 'Cleo', 'Padberg', 'gschneider@example.org', '290.094.7696x67815', '2015-05-26 11:42:19', '2016-11-09 11:22:06');
INSERT INTO `users` (`id`, `first_name`, `last_name`, `email`, `phone`, `created_at`, `updated_at`) VALUES (37, 'Eldred', 'Wolff', 'wilford.muller@example.com', '931-782-3107x923', '2011-06-21 02:24:01', '2017-10-07 14:11:02');
INSERT INTO `users` (`id`, `first_name`, `last_name`, `email`, `phone`, `created_at`, `updated_at`) VALUES (38, 'Cydney', 'Tremblay', 'orval98@example.com', '068.029.1707', '2020-02-23 20:55:33', '2018-09-30 22:37:04');
INSERT INTO `users` (`id`, `first_name`, `last_name`, `email`, `phone`, `created_at`, `updated_at`) VALUES (39, 'Lane', 'Murray', 'okuneva.paula@example.net', '007-567-5505x4360', '2013-11-08 08:15:26', '2012-07-04 18:25:25');
INSERT INTO `users` (`id`, `first_name`, `last_name`, `email`, `phone`, `created_at`, `updated_at`) VALUES (40, 'Jeanne', 'Wintheiser', 'desmond20@example.net', '(615)476-4097', '2013-06-26 09:04:33', '2014-05-04 08:30:48');
INSERT INTO `users` (`id`, `first_name`, `last_name`, `email`, `phone`, `created_at`, `updated_at`) VALUES (41, 'Shaylee', 'Rosenbaum', 'adolf85@example.net', '845-079-5202x880', '2018-06-06 04:20:56', '2011-08-01 09:16:22');
INSERT INTO `users` (`id`, `first_name`, `last_name`, `email`, `phone`, `created_at`, `updated_at`) VALUES (42, 'Mabel', 'Hackett', 'dickinson.jacynthe@example.org', '04533131931', '2011-01-18 09:07:44', '2012-02-27 17:12:14');
INSERT INTO `users` (`id`, `first_name`, `last_name`, `email`, `phone`, `created_at`, `updated_at`) VALUES (43, 'Annamarie', 'Streich', 'mueller.willis@example.com', '(072)422-6306', '2016-10-20 07:33:48', '2020-02-10 05:32:53');
INSERT INTO `users` (`id`, `first_name`, `last_name`, `email`, `phone`, `created_at`, `updated_at`) VALUES (44, 'Lee', 'Wehner', 'grayson61@example.net', '(424)491-0345x66939', '2013-12-05 11:57:20', '2017-05-18 19:05:56');
INSERT INTO `users` (`id`, `first_name`, `last_name`, `email`, `phone`, `created_at`, `updated_at`) VALUES (45, 'Modesto', 'Corwin', 'beulah.pfannerstill@example.net', '367.545.4615', '2014-12-01 18:15:17', '2013-02-27 15:33:14');
INSERT INTO `users` (`id`, `first_name`, `last_name`, `email`, `phone`, `created_at`, `updated_at`) VALUES (46, 'Ola', 'Kirlin', 'dtoy@example.net', '1-362-830-8888x052', '2011-10-14 03:26:27', '2011-06-22 22:45:29');
INSERT INTO `users` (`id`, `first_name`, `last_name`, `email`, `phone`, `created_at`, `updated_at`) VALUES (47, 'Rhianna', 'Skiles', 'rachael52@example.org', '1-419-370-4155', '2015-07-24 22:47:16', '2017-11-23 11:05:27');
INSERT INTO `users` (`id`, `first_name`, `last_name`, `email`, `phone`, `created_at`, `updated_at`) VALUES (48, 'Kavon', 'Schumm', 'reese.jerde@example.com', '938-052-5380x9314', '2012-09-18 05:51:33', '2016-02-18 17:00:07');
INSERT INTO `users` (`id`, `first_name`, `last_name`, `email`, `phone`, `created_at`, `updated_at`) VALUES (49, 'Reta', 'Schamberger', 'langworth.alexandro@example.org', '(684)386-7651', '2017-09-08 02:23:39', '2012-04-20 22:55:45');
INSERT INTO `users` (`id`, `first_name`, `last_name`, `email`, `phone`, `created_at`, `updated_at`) VALUES (50, 'Blanche', 'Hintz', 'ernest.donnelly@example.com', '(054)761-9785', '2012-12-05 06:29:04', '2012-11-09 14:22:29');
INSERT INTO `users` (`id`, `first_name`, `last_name`, `email`, `phone`, `created_at`, `updated_at`) VALUES (51, 'Elvis', 'Feeney', 'dorothea79@example.net', '(931)007-3377x31109', '2012-11-14 14:06:16', '2014-08-28 02:12:26');
INSERT INTO `users` (`id`, `first_name`, `last_name`, `email`, `phone`, `created_at`, `updated_at`) VALUES (52, 'Rickey', 'Towne', 'xlemke@example.org', '(551)993-7925x59501', '2020-02-15 19:02:30', '2013-08-31 14:49:19');
INSERT INTO `users` (`id`, `first_name`, `last_name`, `email`, `phone`, `created_at`, `updated_at`) VALUES (53, 'Florence', 'Runolfsdottir', 'gianni.corwin@example.net', '702.571.6821x7563', '2013-07-19 14:52:52', '2014-08-06 03:19:07');
INSERT INTO `users` (`id`, `first_name`, `last_name`, `email`, `phone`, `created_at`, `updated_at`) VALUES (54, 'Mohamed', 'Strosin', 'buck14@example.net', '225.114.0510x44438', '2018-07-14 04:29:29', '2016-07-16 16:59:24');
INSERT INTO `users` (`id`, `first_name`, `last_name`, `email`, `phone`, `created_at`, `updated_at`) VALUES (55, 'Joan', 'Hane', 'treynolds@example.com', '018.272.6158x4466', '2018-02-23 08:05:32', '2019-02-21 14:50:44');
INSERT INTO `users` (`id`, `first_name`, `last_name`, `email`, `phone`, `created_at`, `updated_at`) VALUES (56, 'Naomie', 'Heathcote', 'kristian.jast@example.com', '(858)410-0400', '2013-12-12 04:03:56', '2018-10-19 08:34:23');
INSERT INTO `users` (`id`, `first_name`, `last_name`, `email`, `phone`, `created_at`, `updated_at`) VALUES (57, 'Alize', 'Ziemann', 'consuelo62@example.com', '008-726-5955', '2019-01-24 01:39:02', '2014-02-06 22:22:24');
INSERT INTO `users` (`id`, `first_name`, `last_name`, `email`, `phone`, `created_at`, `updated_at`) VALUES (58, 'Amani', 'Schulist', 'isaiah82@example.org', '913-909-2058', '2013-01-21 09:59:18', '2014-08-06 16:04:25');
INSERT INTO `users` (`id`, `first_name`, `last_name`, `email`, `phone`, `created_at`, `updated_at`) VALUES (59, 'Willa', 'Carter', 'napoleon.gibson@example.net', '00248887362', '2013-10-17 05:08:10', '2015-02-13 01:20:16');
INSERT INTO `users` (`id`, `first_name`, `last_name`, `email`, `phone`, `created_at`, `updated_at`) VALUES (60, 'Alvis', 'Reichert', 'yheathcote@example.org', '660-655-9689', '2010-04-14 01:54:23', '2018-05-29 17:27:20');
INSERT INTO `users` (`id`, `first_name`, `last_name`, `email`, `phone`, `created_at`, `updated_at`) VALUES (61, 'Trisha', 'Johns', 'kovacek.florence@example.com', '340-469-1829', '2016-09-15 20:23:58', '2017-07-30 22:02:44');
INSERT INTO `users` (`id`, `first_name`, `last_name`, `email`, `phone`, `created_at`, `updated_at`) VALUES (62, 'Gilda', 'Mayer', 'kenya.barton@example.com', '(845)223-7875', '2015-11-20 18:23:05', '2011-08-17 19:19:47');
INSERT INTO `users` (`id`, `first_name`, `last_name`, `email`, `phone`, `created_at`, `updated_at`) VALUES (63, 'Dino', 'Schneider', 'pweissnat@example.com', '765-490-8005x1319', '2018-02-14 06:33:45', '2014-04-21 16:16:26');
INSERT INTO `users` (`id`, `first_name`, `last_name`, `email`, `phone`, `created_at`, `updated_at`) VALUES (64, 'Freda', 'Reinger', 'valentine.schamberger@example.com', '1-681-466-4829x06766', '2015-06-08 13:38:32', '2015-05-12 22:22:30');
INSERT INTO `users` (`id`, `first_name`, `last_name`, `email`, `phone`, `created_at`, `updated_at`) VALUES (65, 'Jonas', 'Johnson', 'cesar.deckow@example.org', '1-714-886-1186x75146', '2016-06-17 04:47:35', '2014-01-06 11:59:47');
INSERT INTO `users` (`id`, `first_name`, `last_name`, `email`, `phone`, `created_at`, `updated_at`) VALUES (66, 'Deangelo', 'Zulauf', 'jordon80@example.net', '+67(2)2707744939', '2018-10-08 09:04:26', '2017-05-11 09:29:58');
INSERT INTO `users` (`id`, `first_name`, `last_name`, `email`, `phone`, `created_at`, `updated_at`) VALUES (67, 'Wilson', 'Hoeger', 'hollie73@example.org', '07853855241', '2013-06-26 01:03:33', '2013-02-13 06:00:05');
INSERT INTO `users` (`id`, `first_name`, `last_name`, `email`, `phone`, `created_at`, `updated_at`) VALUES (68, 'Berneice', 'Kuphal', 'samson.kling@example.com', '595.773.9355', '2013-03-17 18:33:03', '2019-03-26 23:20:58');
INSERT INTO `users` (`id`, `first_name`, `last_name`, `email`, `phone`, `created_at`, `updated_at`) VALUES (69, 'Twila', 'Feeney', 'odie03@example.org', '1-392-351-0452x960', '2019-08-10 00:32:29', '2013-11-29 11:27:19');
INSERT INTO `users` (`id`, `first_name`, `last_name`, `email`, `phone`, `created_at`, `updated_at`) VALUES (70, 'Wilhelmine', 'Turner', 'powlowski.jarod@example.org', '943-783-1223x9455', '2016-01-27 09:15:53', '2011-09-29 04:54:09');
INSERT INTO `users` (`id`, `first_name`, `last_name`, `email`, `phone`, `created_at`, `updated_at`) VALUES (71, 'Noel', 'Kuhlman', 'macejkovic.imelda@example.net', '+58(6)7235660548', '2011-11-21 04:00:07', '2020-01-31 15:42:22');
INSERT INTO `users` (`id`, `first_name`, `last_name`, `email`, `phone`, `created_at`, `updated_at`) VALUES (72, 'Dexter', 'Daniel', 'davion.franecki@example.com', '466-159-4764x44688', '2012-08-20 14:32:37', '2015-09-29 21:52:44');
INSERT INTO `users` (`id`, `first_name`, `last_name`, `email`, `phone`, `created_at`, `updated_at`) VALUES (73, 'Dock', 'Barrows', 'brown.nicolas@example.com', '1-288-860-8546x797', '2014-07-26 10:55:35', '2019-08-05 11:19:39');
INSERT INTO `users` (`id`, `first_name`, `last_name`, `email`, `phone`, `created_at`, `updated_at`) VALUES (74, 'Cleta', 'Olson', 'fernando28@example.net', '083-035-1863', '2017-12-16 18:04:57', '2016-02-12 16:23:39');
INSERT INTO `users` (`id`, `first_name`, `last_name`, `email`, `phone`, `created_at`, `updated_at`) VALUES (75, 'Prince', 'Fritsch', 'ara49@example.net', '882.599.1093x6000', '2020-03-25 04:18:55', '2014-10-09 08:05:20');
INSERT INTO `users` (`id`, `first_name`, `last_name`, `email`, `phone`, `created_at`, `updated_at`) VALUES (76, 'Elvera', 'Cormier', 'jwest@example.com', '1-592-771-4642', '2018-07-11 16:07:30', '2016-10-17 22:05:37');
INSERT INTO `users` (`id`, `first_name`, `last_name`, `email`, `phone`, `created_at`, `updated_at`) VALUES (77, 'Lelah', 'Haag', 'von.jamison@example.net', '1-012-592-0524', '2010-07-20 21:53:32', '2019-02-01 09:06:00');
INSERT INTO `users` (`id`, `first_name`, `last_name`, `email`, `phone`, `created_at`, `updated_at`) VALUES (78, 'Javonte', 'Douglas', 'hilda22@example.net', '+32(5)6770436538', '2016-08-05 09:01:03', '2014-08-13 16:52:46');
INSERT INTO `users` (`id`, `first_name`, `last_name`, `email`, `phone`, `created_at`, `updated_at`) VALUES (79, 'Eunice', 'Osinski', 'kobe.koepp@example.org', '904-208-1407', '2010-12-09 16:23:02', '2016-06-03 12:32:54');
INSERT INTO `users` (`id`, `first_name`, `last_name`, `email`, `phone`, `created_at`, `updated_at`) VALUES (80, 'Aida', 'Pagac', 'dach.columbus@example.net', '(619)345-4917', '2016-04-12 22:00:53', '2012-10-02 18:21:27');
INSERT INTO `users` (`id`, `first_name`, `last_name`, `email`, `phone`, `created_at`, `updated_at`) VALUES (81, 'Octavia', 'Homenick', 'daryl39@example.net', '312-044-0391x374', '2019-02-20 02:54:09', '2011-03-03 22:35:24');
INSERT INTO `users` (`id`, `first_name`, `last_name`, `email`, `phone`, `created_at`, `updated_at`) VALUES (82, 'Orie', 'Jenkins', 'conrad.wuckert@example.net', '796.378.6736x0244', '2010-06-10 01:05:37', '2015-01-01 21:36:47');
INSERT INTO `users` (`id`, `first_name`, `last_name`, `email`, `phone`, `created_at`, `updated_at`) VALUES (83, 'Kaylah', 'Yost', 'ro\'keefe@example.com', '+80(2)4746494692', '2019-07-10 04:09:31', '2019-03-09 09:54:00');
INSERT INTO `users` (`id`, `first_name`, `last_name`, `email`, `phone`, `created_at`, `updated_at`) VALUES (84, 'Loren', 'Cummerata', 'flavio27@example.org', '1-791-963-8057x0374', '2012-08-26 18:53:23', '2010-06-16 19:26:31');
INSERT INTO `users` (`id`, `first_name`, `last_name`, `email`, `phone`, `created_at`, `updated_at`) VALUES (85, 'Donavon', 'Towne', 'prosacco.vilma@example.net', '511.771.2478x95220', '2013-01-16 03:29:07', '2012-07-11 16:19:01');
INSERT INTO `users` (`id`, `first_name`, `last_name`, `email`, `phone`, `created_at`, `updated_at`) VALUES (86, 'Dina', 'King', 'sam.purdy@example.com', '376.639.6533', '2016-11-13 07:54:27', '2018-09-20 15:55:26');
INSERT INTO `users` (`id`, `first_name`, `last_name`, `email`, `phone`, `created_at`, `updated_at`) VALUES (87, 'Rupert', 'Goyette', 'kerluke.brendan@example.org', '054.283.9922', '2011-12-03 19:09:16', '2018-04-21 04:44:36');
INSERT INTO `users` (`id`, `first_name`, `last_name`, `email`, `phone`, `created_at`, `updated_at`) VALUES (88, 'Rosie', 'Kautzer', 'abdiel73@example.net', '+10(9)9350640330', '2016-04-21 06:25:42', '2011-05-22 12:20:26');
INSERT INTO `users` (`id`, `first_name`, `last_name`, `email`, `phone`, `created_at`, `updated_at`) VALUES (89, 'Esperanza', 'Wyman', 'carli25@example.net', '513.384.4611', '2018-05-22 06:48:34', '2017-07-15 22:20:16');
INSERT INTO `users` (`id`, `first_name`, `last_name`, `email`, `phone`, `created_at`, `updated_at`) VALUES (90, 'Charlene', 'Schumm', 'vpredovic@example.net', '(854)977-1742x604', '2012-01-15 04:22:43', '2013-09-07 21:09:55');
INSERT INTO `users` (`id`, `first_name`, `last_name`, `email`, `phone`, `created_at`, `updated_at`) VALUES (91, 'Sammie', 'Shanahan', 'aron.krajcik@example.net', '290-621-7367', '2012-09-18 03:07:46', '2015-02-20 15:21:32');
INSERT INTO `users` (`id`, `first_name`, `last_name`, `email`, `phone`, `created_at`, `updated_at`) VALUES (92, 'Myrtie', 'Bradtke', 'wrussel@example.org', '502.905.6507', '2016-01-11 10:20:46', '2011-11-01 13:41:30');
INSERT INTO `users` (`id`, `first_name`, `last_name`, `email`, `phone`, `created_at`, `updated_at`) VALUES (93, 'Lonny', 'Schmeler', 'magnolia94@example.net', '749-805-1420', '2014-07-21 16:38:00', '2019-04-04 14:34:52');
INSERT INTO `users` (`id`, `first_name`, `last_name`, `email`, `phone`, `created_at`, `updated_at`) VALUES (94, 'Roderick', 'Runolfsson', 'friesen.bernadine@example.org', '355.297.8012x09770', '2013-02-07 17:38:30', '2019-11-08 05:24:42');
INSERT INTO `users` (`id`, `first_name`, `last_name`, `email`, `phone`, `created_at`, `updated_at`) VALUES (95, 'Casimir', 'Torp', 'agislason@example.net', '066.145.1936', '2010-07-10 01:50:37', '2015-11-13 02:27:13');
INSERT INTO `users` (`id`, `first_name`, `last_name`, `email`, `phone`, `created_at`, `updated_at`) VALUES (96, 'Euna', 'Hartmann', 'abbie73@example.net', '(809)649-7405', '2015-01-10 05:01:45', '2012-03-02 19:42:12');
INSERT INTO `users` (`id`, `first_name`, `last_name`, `email`, `phone`, `created_at`, `updated_at`) VALUES (97, 'Clara', 'Goodwin', 'reggie.block@example.org', '263-376-9777', '2019-12-17 09:17:21', '2019-06-23 08:20:29');
INSERT INTO `users` (`id`, `first_name`, `last_name`, `email`, `phone`, `created_at`, `updated_at`) VALUES (98, 'Trenton', 'Corwin', 'zetta52@example.org', '763-572-4776', '2015-09-03 15:09:50', '2013-03-02 10:35:20');
INSERT INTO `users` (`id`, `first_name`, `last_name`, `email`, `phone`, `created_at`, `updated_at`) VALUES (99, 'Aimee', 'Smith', 'gina49@example.net', '06512038286', '2012-03-28 10:49:47', '2011-08-12 15:48:21');
INSERT INTO `users` (`id`, `first_name`, `last_name`, `email`, `phone`, `created_at`, `updated_at`) VALUES (100, 'Richmond', 'Schneider', 'eliezer.maggio@example.org', '1-118-999-4974', '2011-09-06 05:46:22', '2019-05-04 08:12:40');


